X,Y,2023-04-06,2023-05-01,2023-05-16,2023-05-22,2023-06-08,2023-06-26,2023-07-08,2023-07-26,2023-07-29,2023-08-07,2023-08-08,2023-09-14,2023-09-22,2023-09-23,2023-10-03,id,2023-10-18,2023-11-26,2023-11-28,2023-12-11
639195,7691775,-0.0437428680106504,-0.0653872939719879,-0.064828395423878,-0.052199258081611,-0.0294135266279279,-0.122287685012214,0.745562130177515,0.676365085691511,0.685962373371925,0.674844379348224,0.696571845368344,0.685734974656046,0.607730263157895,0.53715308863026,0.521408182683159,"1",0,0,0,0
639225,7691775,-0.0275140004869734,-0.0540733116934526,-0.052094440213252,-0.0381861575178998,-0.0211692307692308,-0.12813995215311,0.367979341510652,0.58586316266425,0.603844546594233,0.617145235122763,0.624786324786325,0.612875900042355,0.661147902869757,0.600232423009878,0.611111111111111,"2",0,0,0,0
639255,7691775,-0.0232368528332655,-0.0566186936580737,-0.0494480568577045,-0.0383217933776651,-0.0215845135753603,-0.120617420066152,0.288570575947478,0.534705600765917,0.570210856886496,0.572113289760349,0.582102519548219,0.565738758029979,0.657766990291262,0.570552147239264,0.582978723404255,"3",0,0,0,0
639285,7691775,-0.0367067914994799,-0.0705094439009707,-0.0511910795742524,-0.0421541075746683,-0.0239604079908263,-0.121362560146643,0.0707803992740472,0.507496592457974,0.544844928751048,0.543704891740176,0.558316633266533,0.544805709754163,0.580763199163617,0.506962351727695,0.504055619930475,"4",0,0,0,0
639315,7691775,-0.0434950955085183,-0.0862588466120104,-0.0659095518150476,-0.0590428837787446,-0.0262485481997677,-0.140524492825334,-0.149954001839926,0.431588613406795,0.457469318662717,0.459291001168679,0.485533095521205,0.476584022038568,0.473916887709991,0.450479233226837,0.422928709055877,"5",0,0,0,0
639345,7691775,-0.0458137811805384,-0.0855317967231324,-0.0762032085561497,-0.0606499939591639,-0.0352407932011332,-0.160144446901024,0.0212624584717608,0.464301955434288,0.490878938640133,0.488546751783702,0.509590071455434,0.50093388121031,0.479369842460615,0.491641663094728,0.430860033726813,"6",0,0,0,0
639375,7691775,-0.0312253683380828,-0.0947901591895803,-0.0692693506845602,-0.0630796634113384,-0.0281025179856115,-0.162521345311456,0.0265324794144557,0.467121285923039,0.479252165982672,0.48310291858679,0.519784863618901,0.511654566297287,0.485370741482966,0.522091974752029,0.467948717948718,"7",0,0,0,0
639405,7691775,-0.0429535814564789,-0.077052181873665,-0.0665819388547624,-0.0610006854009595,-0.0293955741495101,-0.119204152249135,-0.0369926014797041,0.458232737807822,0.47286148501954,0.457352373600926,0.534935304990758,0.526683842473316,0.497312939231087,0.554013875123885,0.478764478764479,"8",0,0,0,0
639435,7691775,-0.0374577090381827,-0.0665103556076592,-0.0559392265193371,-0.0429305283757338,-0.0271664562867021,-0.0797760029376665,0.487651331719128,0.628560280920796,0.659913169319826,0.635385132862429,0.689963564094071,0.676973684210526,0.55420054200542,0.683340223232741,0.576184880532707,"9",0,0,0,0
639465,7691775,-0.0357439733998338,-0.0655953250547845,-0.0593993027621346,-0.0420996377887299,-0.0251368562171825,-0.131738567436789,0.777908343125734,0.693907875185736,0.728175282437521,0.721733463668947,0.740428293316029,0.725692208628461,0.516148325358852,0.732558139534884,0.656498119515253,"10",0,0,0,0
639495,7691775,-0.0307493011522466,-0.0505544933078394,-0.0508855777340456,-0.0346018627027693,-0.0256056952577793,-0.112559160436244,0.820539419087137,0.683304647160069,0.710044219835755,0.709747742136406,0.713843295137813,0.702153846153846,0.246629659000793,0.512044471896232,0.557613931085587,"11",0,0,0,0
639195,7691745,-0.0356788899900892,-0.0673098665862667,-0.0487122884473877,-0.0509617291294865,-0.0280970625798212,-0.112179984484096,0.575495495495496,0.708498808578237,0.664174031271244,0.6994708994709,0.685109543260304,0.66997427416391,0.623152709359606,0.587786259541985,0.574468085106383,"12",0,0,0,0
639225,7691745,-0.0334467959153471,-0.0655035685963521,-0.0558223289315726,-0.0510033444816053,-0.0257374544599835,-0.11856,0.647403685092127,0.69197584124245,0.658176448874123,0.662759924385633,0.669161087042142,0.654070899883132,0.692451945616503,0.605325725154541,0.593908629441624,"13",0,0,0,0
639255,7691745,-0.0306805074971164,-0.0588235294117648,-0.0665054413542926,-0.0543557037251776,-0.0266191325014854,-0.127659574468085,0.774842044801838,0.693200663349917,0.698608964451314,0.670278637770898,0.689910401246591,0.673988439306358,0.749368367862557,0.629179331306991,0.626480086114101,"14",0,0,0,0
639285,7691745,-0.03847624875698,-0.0593937402448041,-0.0660786134323739,-0.0587817186722581,-0.0269246700988224,-0.143584342636475,0.748476454293629,0.672059466550066,0.671740024681201,0.648378053664397,0.660670482420278,0.645109135004042,0.730868002054443,0.610515021459228,0.588742102240092,"15",0,0,0,0
639315,7691745,-0.0336352894840488,-0.0484712900820283,-0.051271954004883,-0.0344827586206897,-0.0268199233716475,-0.110189982728843,0.49645390070922,0.635153129161119,0.625586353944563,0.607909129154396,0.632822213012847,0.616550594018845,0.564935064935065,0.633630289532294,0.593116164720344,"16",0,0,0,0
639345,7691745,-0.0387151834897975,-0.0678150217256363,-0.0606754859212179,-0.0513990871204604,-0.0244500275752191,-0.124963757610902,-0.0177424288773325,0.559983395599834,0.577881619937695,0.61767955801105,0.641389615240941,0.627683197631384,0.414965986394558,0.568320278503046,0.580882352941176,"17",0,0,0,0
639375,7691745,-0.0405280933374271,-0.0680596097710862,-0.0584299732381802,-0.0506870028269015,-0.0243223620522749,-0.127218514837427,-0.0522149490028924,0.624628450106157,0.662659945715394,0.66904422253923,0.70330459770115,0.68814524741901,0.413676786261883,0.606459838504037,0.628571428571429,"18",0,0,0,0
639405,7691745,-0.0419833771400157,-0.0632209737827715,-0.0584451901565996,-0.0375866682885294,-0.0285249520711091,-0.124432087882281,0.71293225959261,0.71643474990598,0.747722494744219,0.738002594033722,0.771106941838649,0.756446101273687,0.503913305237809,0.728026533996683,0.638754932047348,"19",0,0,0,0
639435,7691745,-0.0338960342979635,-0.0715446006073876,-0.0536683417085427,-0.0333017302678359,-0.0255594683630581,-0.120649805190517,0.765503875968992,0.697214076246334,0.734489659773182,0.749180816204945,0.757377049180328,0.744075829383886,0.557550496954152,0.812845597618035,0.649792531120332,"20",0,0,0,0
639465,7691745,-0.0360828218790045,-0.0699536451748841,-0.0544770605226036,-0.0359660652407695,-0.0252533928878199,-0.120635972176217,0.600495253817582,0.637950664136622,0.689093484419263,0.714638665843113,0.71911905521864,0.704876504116529,0.542200328407225,0.87569573283859,0.652060737527115,"21",0,0,0,0
639495,7691745,-0.0434724983432737,-0.0646253496246136,-0.0514082581350834,-0.0386661088866312,-0.0304315433549201,-0.122159090909091,0.716756756756757,0.633885819521179,0.678595543551654,0.661392405063291,0.698482932996207,0.68559774082209,0.407827260458839,0.551388888888889,0.562475671467497,"22",0,0,0,0
639195,7691715,-0.0517254285500411,-0.0644610127368748,-0.070454718561962,-0.0696131036430387,-0.0256942325297528,-0.12413571313716,-0.0317559153175592,0.334944751381215,0.452140619561434,0.536850921273032,0.564559216384684,0.549604916593503,0.617291066282421,0.525917297612114,0.513548387096774,"23",0,0,0,0
639225,7691715,-0.0365370506236243,-0.0668163952835486,-0.0594860406091371,-0.052639644471688,-0.0302993867981243,-0.060929712135083,0.0175499565595135,0.46321413892314,0.52711666016387,0.514427040395713,0.525480367585631,0.512174989682212,0.568565400843882,0.463129973474801,0.462775461584276,"24",0,0,0,0
639255,7691715,-0.0441156870585099,-0.0518396031417941,-0.0330681640929652,-0.0294569110445143,-0.0255171194531204,0.160128388017118,0.180490220351572,0.542647058823529,0.597701149425287,0.563663440059568,0.574291115311909,0.561377245508982,0.576748410535876,0.477845351867941,0.448275862068966,"25",0,0,0,0
639285,7691715,-0.0435130272539482,-0.0514541387024609,-0.0495387239320878,-0.0450552564465854,-0.0263800116211506,0.0763670647391578,0.235915492957746,0.630258899676375,0.644576082932247,0.618208516886931,0.628582061778936,0.615186140803539,0.652851867049651,0.546315356113627,0.499584372402328,"26",0,0,0,0
639315,7691715,-0.0398167486357206,-0.0481445937300063,-0.0391431653567576,-0.0251851851851852,-0.0281681994331656,-0.0432549871617618,0.278156102671556,0.611170784103115,0.674611398963731,0.646099290780142,0.65480803099683,0.640936081033881,0.539288112827401,0.573846153846154,0.513812154696133,"27",0,0,0,0
639345,7691715,-0.0352809146384232,-0.0709416435688067,-0.0672184957899243,-0.0627701438616863,-0.0258850841555426,-0.138119994379654,0.591690544412607,0.664176169878097,0.674554058973426,0.659978880675818,0.671858022455632,0.657101865136298,0.529411764705882,0.655932203389831,0.580135440180587,"28",0,0,0,0
639375,7691715,-0.0316294626626918,-0.0412140024142093,-0.0327519532791413,-0.00309187279151942,-0.0256884980328628,-0.062421972534332,0.721424774056353,0.639564124056999,0.647700701480904,0.610111068556109,0.644922164566345,0.631289019463827,0.334271243669105,0.613799283154122,0.603092783505155,"29",0,0,0,0
639405,7691715,-0.0337268128161889,-0.0647939784278731,-0.0598375837013819,-0.0407449068866391,-0.024370430544273,-0.134884374780347,0.728867623604466,0.687409551374819,0.717319177173192,0.701542588866533,0.728117986534146,0.715286624203822,0.315162620247366,0.62022630834512,0.59917695473251,"30",0,0,0,0
639435,7691715,-0.0376064824433824,-0.0705630791161796,-0.0575865860362837,-0.0341286620356388,-0.0234725377133205,-0.123209943258579,0.01405593392262,0.675385647216633,0.730437559885021,0.752320185614849,0.756270286220124,0.743259085580305,0.316606421433128,0.610677083333333,0.629715165511932,"31",0,0,0,0
639465,7691715,-0.0361802665914381,-0.0709575688073394,-0.0585855767889524,-0.0303214437625326,-0.0240602388375787,-0.120398825377313,-0.122821576763485,0.615708274894811,0.693795863909273,0.724368725281412,0.725124378109453,0.711639394874961,0.215111796453354,0.537247474747475,0.592906086255542,"32",0,0,0,0
639495,7691715,-0.0358111000142674,-0.0707012349245324,-0.0553618742155906,-0.0303067334718319,-0.0255253472634453,-0.12105588781192,0.0163487738419619,0.615700934579439,0.680192572214581,0.701223438506117,0.718790218790219,0.705337168424417,0.274711168164313,0.43771357564461,0.546058091286307,"33",0,0,0,0
639195,7691685,-0.0471341763836426,-0.0700737618545838,-0.0414298808432631,-0.0411046372415995,-0.0272867262088081,-0.102044382316967,0.766431287343835,0.694874851013111,0.729772191673213,0.694577646624862,0.709617526921649,0.694342395297575,0.671641791044776,0.599406528189911,0.60989010989011,"34",0,0,0,0
639225,7691685,-0.044298605414274,-0.0325367647058823,-0.0344021050579866,-0.0318560772268539,-0.0222028190096046,-0.100732762426062,0.405837387074357,0.63211798443261,0.679207920792079,0.65987460815047,0.681855166802278,0.665460394049055,0.755716675962075,0.604703247480403,0.594802126402835,"35",0,0,0,0
639255,7691685,-0.0348759221998659,-0.0589413925530139,-0.0431974866916834,-0.0343550016840688,-0.0232732732732733,-0.127884371566224,0.130266552020636,0.444672131147541,0.504149377593361,0.604431678292983,0.659836065573771,0.644390441474281,0.655579399141631,0.611042944785276,0.583389149363697,"36",0,0,0,0
639285,7691685,-0.0289440203562341,-0.0676236044657097,-0.0555020853384665,-0.0455725411018172,-0.027143472641103,-0.128659476117103,0.0632548618219037,0.623409669211196,0.647105159511619,0.635652853792025,0.662347860227719,0.647241647241647,0.584871679423683,0.634001082837033,0.613325401546698,"37",0,0,0,0
639315,7691685,-0.0307560538814918,-0.0732519422863485,-0.0443263817302356,-0.0409365336474747,-0.0249614791987673,-0.124280696509977,0.0189032963599438,0.376344086021505,0.433787128712871,0.615987460815047,0.642600717989629,0.627466456195738,0.566695727986051,0.684536082474227,0.608908202064096,"38",0,0,0,0
639345,7691685,-0.0474156343442973,-0.0772946859903381,-0.0696524647375309,-0.0604768882376449,-0.0310172969803577,-0.124110182606004,-0.0312223858615611,0.396117067516662,0.519161676646707,0.619285714285714,0.646341463414634,0.632420902950587,0.525983146067416,0.69257191927866,0.582010582010582,"39",0,0,0,0
639375,7691685,-0.038889949716759,-0.0504110438963859,-0.0409472126295018,-0.039076486202852,-0.0293398533007335,-0.0468033566917553,0.403286249639666,0.68515205724508,0.706195869420386,0.678865809429608,0.703212984431931,0.68988173455979,0.514739229024943,0.740350877192983,0.606163096580233,"40",0,0,0,0
639405,7691685,-0.0298904233936329,-0.0670147954743255,-0.0550531914893617,-0.0373380447585395,-0.0252852987245468,-0.122506359619762,0.806167400881057,0.667269439421338,0.69419795221843,0.689943200801871,0.699277741300066,0.686440677966102,0.373046875,0.670647846543612,0.64923572003218,"41",0,0,0,0
639435,7691685,-0.0347802642221623,-0.0684407955269304,-0.0572645527685755,-0.0388436143001606,-0.0253027804628419,-0.122371824633548,0.455969915387026,0.652992602555481,0.693192713326942,0.679626749611198,0.704342469972282,0.692166462668299,0.247478386167147,0.579811492854971,0.643166601024025,"42",0,0,0,0
639465,7691685,-0.035326650535776,-0.071464555595538,-0.0578637049225285,-0.0346234623462347,-0.0219331069023085,-0.119962511715089,0.455158113011923,0.645846346033729,0.687218045112782,0.701283547257876,0.712032710280374,0.699854862119013,0.0983042203238557,0.285101404056162,0.526385224274406,"43",0,0,0,0
639495,7691685,-0.0377982684592103,-0.0687486445456517,-0.0597648368468656,-0.0308508074234755,-0.0241732513901083,-0.122342232185314,0.429845422116528,0.589572192513369,0.648946209499843,0.673151750972763,0.681705809641533,0.669634633097943,0.0807045215562566,0.189199765212287,0.436524100475221,"44",0,0,0,0
639195,7691655,-0.048295232893813,-0.0689028420356907,-0.0509082023295593,-0.049939617816296,-0.0284915861733795,-0.119788013405035,0.365992414664981,0.658173265386123,0.718588640275387,0.676803394625177,0.689939133548156,0.675771550195105,0.695067264573991,0.61981981981982,0.592054263565892,"45",0,0,0,0
639225,7691655,-0.0296522672833898,-0.0591534484269564,-0.0195121951219513,-0.00463976188391838,-0.0229102167182663,-0.0798637395912188,0.537013264869491,0.692186266771902,0.737967914438503,0.69473307058402,0.710622710622711,0.696046427276025,0.7785536159601,0.646070192782996,0.612936344969199,"46",0,0,0,0
639255,7691655,-0.0493974942143485,-0.0427668278170324,-0.00804653417353366,0.0133186369064021,-0.0299060800790905,-0.0646915432214514,0.297092288242731,0.704667176740627,0.740092823991432,0.702172389628591,0.716602044413113,0.701012923506811,0.562923888470234,0.640931932389219,0.577424023154848,"47",0,0,0,0
639285,7691655,-0.047566371681416,-0.0631047886857994,-0.068471588226035,-0.0639207582127841,-0.0271641606336242,-0.130540009075783,0.435231435231435,0.657775954041855,0.70238546005301,0.692745376955903,0.706298655343241,0.692145862552595,0.597595190380762,0.706175298804781,0.601233299075026,"48",0,0,0,0
639315,7691655,-0.049604262988794,-0.0474471376998453,-0.0466541801464328,-0.0389769507619266,-0.0282679040234447,-0.121232721504645,0.272782503037667,0.731493099121706,0.752133580705009,0.688113413304253,0.715545755237045,0.701275045537341,0.53037037037037,0.723061430010071,0.614556637621733,"49",0,0,0,0
639345,7691655,-0.0396915400317532,-0.0477759472817134,-0.0390320709372669,-0.0385078219013237,-0.025870825118002,-0.109103437715336,0.50897343862168,0.667166416791604,0.66930761281433,0.692695214105793,0.708947179302911,0.693950177935943,0.442262895174709,0.75254730713246,0.641744548286604,"50",0,0,0,0
639375,7691655,-0.0268575323790048,-0.0539266244290556,-0.0477530065405443,-0.0365885081164649,-0.0239815082346143,-0.13097419991541,0.193981481481481,0.698257839721254,0.723958333333333,0.711161145062721,0.744614423977521,0.731019522776573,0.438413361169102,0.704857248794957,0.622298065984073,"51",0,0,0,0
639405,7691655,-0.0394973070017953,-0.0738181569405487,-0.0501551189245088,-0.0415421573797387,-0.0295211267605634,-0.113097602966494,0.418648310387985,0.733021077283372,0.754007398273736,0.741704035874439,0.763561320754717,0.750366246703779,0.48159509202454,0.763636363636364,0.637298594446349,"52",0,0,0,0
639435,7691655,-0.0372167251835302,-0.073572449465732,-0.0483151154517819,-0.0416957838341486,-0.0266606922818417,-0.122816066017665,0.37342524364155,0.712069500465405,0.74335524435553,0.736469254746387,0.757055893746541,0.74463401210787,0.291211741542867,0.682621082621083,0.603808353808354,"53",0,0,0,0
639465,7691655,-0.037213801999355,-0.0758306907486557,-0.0517196456487754,-0.0419894007337954,-0.0254830579669561,-0.12390180878553,0.106238313785484,0.718140929535232,0.751915980698268,0.741988950276243,0.756002233389168,0.743960011108026,0.15590345727332,0.375101050929669,0.590922844175492,"54",0,0,0,0
639495,7691655,-0.0355751752791483,-0.0704885275270448,-0.0557484441532919,-0.0375800958263581,-0.0254232552941834,-0.123149524856164,0.71589991928975,0.649511400651466,0.684242795830779,0.690023752969121,0.703190848886213,0.690789473684211,0.2162865452319,0.388104605415413,0.539568345323741,"55",0,0,0,0
639195,7691625,-0.0511568329197022,-0.0826498422712934,-0.072556684910086,-0.0656944541821496,-0.0266674954932554,-0.131391200951248,-0.0742103260180134,0.578901859057501,0.630992736077482,0.617149304249718,0.637663885578069,0.622937941869599,0.758205689277899,0.597707139134966,0.5787728026534,"56",0,0,0,0
639225,7691625,-0.0458309420349267,-0.0425419240953222,-0.0550624730719518,-0.0546057091210364,-0.0286780715396579,-0.124025399887469,0.705521472392638,0.628091872791519,0.686517389232968,0.648082245947015,0.660989456609894,0.64635124298316,0.951570680628272,0.691056910569106,0.606755126658625,"57",0,0,0,0
639255,7691625,-0.0334486735870819,-0.0706146408839779,-0.069400100823391,-0.0476868327402135,-0.0278587826518583,-0.130666261028293,0.453131749460043,0.639724849527085,0.703152364273205,0.674012158054711,0.683268482490272,0.66743648960739,0.631016042780749,0.703302652950731,0.627715795654727,"58",0,0,0,0
639285,7691625,-0.0443179004704134,-0.0591994618230743,-0.0490334356591719,-0.0531866807292451,-0.0257364341085271,-0.13381922007664,0.147636363636364,0.65071368597817,0.712277800744109,0.698777857656362,0.716455696202532,0.701898960945898,0.443459766040411,0.661148977604674,0.586206896551724,"59",0,0,0,0
639315,7691625,-0.0298064918851436,-0.0416068866571019,-0.00591285363413087,0.00630718663942435,-0.0245133381398702,-0.0485584218512898,0.433854907539118,0.707980875321809,0.732283464566929,0.71010547805376,0.720494817786693,0.707835325365206,0.308714918759232,0.575734452499046,0.625240847784201,"60",0,0,0,0
639345,7691625,-0.0361515195160594,-0.0621149897330595,-0.054777270580828,-0.0450011084016848,-0.0279580040108529,-0.120983736612455,0.805977975878343,0.673866090712743,0.699032365699032,0.686468646864687,0.700466977985324,0.686962276637988,0.38721899469563,0.648920863309353,0.616427104722793,"61",0,0,0,0
639375,7691625,-0.041176894786183,-0.0507486209613869,-0.0524249254708063,-0.0449904485870496,-0.0278453957133527,-0.126232603678579,0.789320388349515,0.672419866150053,0.701531443466927,0.689301729660474,0.711292962356792,0.69785575048733,0.323467230443975,0.63236337828247,0.601666666666667,"62",0,0,0,0
639405,7691625,-0.0324193192678086,-0.0674846625766872,-0.0517450574548569,-0.040245697101542,-0.0275725355919986,-0.122274089040619,0.239855942376951,0.676348547717842,0.721484508001362,0.71875,0.733466267863077,0.719090009891197,0.307039669800505,0.632118853908737,0.663534675615213,"63",0,0,0,0
639435,7691625,-0.0352062077884754,-0.0718468790172833,-0.0492331395756005,-0.0444570206879205,-0.0226679325896036,-0.122598290598291,-0.0288423548004741,0.659420289855072,0.706623586429725,0.736467677080111,0.753609831029186,0.740085417937767,0.406181552689219,0.725157000369413,0.592711682743837,"64",0,0,0,0
639465,7691625,-0.0401644962302947,-0.0747251208067791,-0.0559858676450605,-0.0438681531749879,-0.0256945652804362,-0.126058262782481,-0.0412618296529969,0.694813829787234,0.728783382789317,0.736872812135356,0.765079365079365,0.751720183486238,0.279156085172885,0.51825221238938,0.477651183172656,"65",0,0,0,0
639495,7691625,-0.033609166136219,-0.073526433056512,-0.0470287539936102,-0.0360572775892806,-0.0257902097902098,-0.121798955280928,0.724541552867733,0.744370054777845,0.76837416481069,0.757989620322316,0.769230769230769,0.757642522721014,0.156082104973137,0.305224934436151,0.490738180812828,"66",0,0,0,0
639195,7691595,-0.050466672173123,-0.073881029204931,-0.0730201118250856,-0.0688993803481853,-0.0286463209136866,-0.11963952765693,-0.0678544914625093,0.563862928348909,0.589548693586698,0.593328038125496,0.609205020920502,0.59570070276974,0.81125,0.601835915088927,0.519230769230769,"67",0,0,0,0
639225,7691595,-0.0301473107228503,-0.0262707024557395,-0.0234824125499367,-0.00468570418176993,-0.0259952279291724,-0.100622861654531,0.669298653042267,0.638938053097345,0.662414131501472,0.647299509001637,0.671690427698574,0.655394524959742,0.955637707948244,0.70383275261324,0.61561928004881,"68",0,0,0,0
639255,7691595,-0.0487706569931479,-0.039654564681001,-0.0347183748845798,-0.0346987951807229,-0.029571063935753,-0.0916624386944022,0.117034165253211,0.590618336886994,0.642342342342342,0.632950191570881,0.643954312721544,0.628504672897196,0.455755677368833,0.65374677002584,0.561479869423286,"69",0,0,0,0
639285,7691595,-0.045755809310868,-0.0728296094149753,-0.0781926627992483,-0.0563546333411931,-0.0288302625941115,-0.125507971241013,0.475120385232745,0.641091219096334,0.691666666666667,0.650769230769231,0.671561051004637,0.657230298393267,0.460458240946046,0.728648648648649,0.603267211201867,"70",0,0,0,0
639315,7691595,-0.0319756658505824,-0.0247996947729874,-0.0258902536007776,0.00879081449587373,-0.0268603616958197,-0.0772651473040578,0.801535087719298,0.731831395348837,0.756259204712813,0.711073253833049,0.739907346128392,0.726198292843073,0.43179892685682,0.72851805728518,0.655580865603645,"71",0,0,0,0
639345,7691595,-0.0391494863874722,-0.0328358208955224,-0.0482554977076695,-0.0430997573854717,-0.0281814437841972,-0.13587225323253,0.875,0.715432323969354,0.746288798920378,0.724296005239031,0.740242702525418,0.7265625,0.40890904241131,0.78395552025417,0.70923209663503,"72",0,0,0,0
639375,7691595,-0.038801098004303,-0.0659858601728201,-0.0477757009345794,-0.0438814595793294,-0.0272857826711345,-0.118990990990991,0.853113358169239,0.693382352941176,0.718845500848896,0.709656084656085,0.723004694835681,0.708776595744681,0.347622567134762,0.758649093904448,0.74949083503055,"73",0,0,0,0
639405,7691595,-0.0423320277191925,-0.0651460709264178,-0.0542857142857143,-0.0509132267344617,-0.0260689487148252,-0.128454123527312,0.218781725888325,0.63006230529595,0.668970534739905,0.665973665973666,0.679144385026738,0.664429530201342,0.194416346348371,0.525034770514604,0.713223579394583,"74",0,0,0,0
639435,7691595,-0.0374700239808154,-0.0538605230386053,-0.0517304995941258,-0.0483091787439614,-0.0258719010744943,-0.120523464433969,0.593207825765965,0.678056188306758,0.717655220256677,0.713123092573754,0.742647058823529,0.729353233830846,0.329912023460411,0.695482866043614,0.711274060494959,"75",0,0,0,0
639465,7691595,-0.0386302532899391,-0.0496975266100007,-0.0365818392134181,-0.0388705765283911,-0.0290799115970688,-0.105442660224527,0.35,0.734814300590073,0.765109034267913,0.766241651487553,0.79689366786141,0.783318492134165,0.586996904024768,1.04911955514365,0.64532744665195,"76",0,0,0,0
639495,7691595,-0.0314548705383749,-0.0570983281382828,-0.0482924226254002,-0.0318208603417796,-0.0258163788681826,-0.119607201309329,0.689358372456964,0.716041397153946,0.754561506768687,0.751946928179983,0.766760563380282,0.754130495659479,0.403215702651911,0.590636597202398,0.481564245810056,"77",0,0,0,0
639195,7691565,-0.0427202899801503,-0.0647341276898453,-0.0546431770677814,-0.0212473118279569,-0.0295032041114142,-0.107433851322974,0.554545454545455,0.608514576584914,0.564123376623377,0.613097802671262,0.64060475161987,0.624733475479744,0.900793650793651,0.685897435897436,0.753381066030231,"78",0,0,0,0
639225,7691565,-0.048869077100875,-0.0444219626597995,-0.0365877908132829,-0.0442859512356941,-0.0303791112226965,-0.0989560866189285,-0.0171529619805482,0.596476510067114,0.60996835443038,0.645569620253164,0.657699805068226,0.6421133821828,0.611134542387178,0.557251908396947,0.56536312849162,"79",0,0,0,0
639255,7691565,-0.0352298899599079,-0.0569592393696628,-0.0511397592418681,-0.0580847723704866,-0.0250109149878375,-0.128171334431631,0.374313186813187,0.626469307792773,0.643012625163256,0.642282958199357,0.652941176470588,0.636363636363636,0.443208895949166,0.745222929936306,0.698058950395399,"80",0,0,0,0
639285,7691565,-0.03466796875,-0.0506329113924051,-0.0505946762318293,-0.0448148517816149,-0.0264062883812331,-0.10636404094348,0.763141228625713,0.62928870292887,0.664160401002506,0.616747181964573,0.636363636363636,0.621471172962227,0.325842696629214,0.723284589426322,0.638585209003215,"81",0,0,0,0
639315,7691565,-0.0328849028400598,-0.0267078488372093,-0.0311102831594635,-0.0283563362609787,-0.0270432331954189,-0.101800947867299,0.815743440233236,0.69841881989973,0.746992948983824,0.691440648115534,0.723633832231117,0.709354504659993,0.414112203585888,0.792195580629995,0.672480620155039,"82",0,0,0,0
639345,7691565,-0.0356322690569672,-0.064125932062966,-0.0613961312026914,-0.0469360221543705,-0.0294912607363806,-0.115153383690458,0.877734155916994,0.704426106526632,0.733238231098431,0.715984147952444,0.720898570456093,0.706378670266622,0.33300900024325,0.772371134020618,0.644876325088339,"83",0,0,0,0
639375,7691565,-0.0443852640923214,-0.0527693692219586,-0.0406038935240366,-0.0451496923183295,-0.0269352099005096,-0.120583941605839,0.230101930166992,0.621664050235479,0.668229354489722,0.673793103448276,0.676912080057184,0.662770102727595,0.249212681083351,0.694929006085193,0.583115752828547,"84",0,0,0,0
639405,7691565,-0.0402165506573859,-0.0651417205370462,-0.0418755052546484,-0.0373329459616502,-0.0258338386901152,-0.12888120452417,0.0308285163776493,0.639406618486116,0.667371388301621,0.678263864967275,0.694927032661571,0.680220537560303,0.168302945301543,0.500941619585688,0.480400333611343,"85",0,0,0,0
639435,7691565,-0.0326594090202178,-0.0437552388935457,-0.0501414649481295,-0.0434111789045515,-0.024247491638796,-0.134659090909091,0.571009635525765,0.625696249535834,0.660112359550562,0.647262647262647,0.665970772442589,0.652053848809113,0.152465642683913,0.440118870728083,0.483845854418062,"86",0,0,0,0
639465,7691565,-0.0263874946221138,-0.0686811069143606,-0.034984520123839,-0.0190658444964207,-0.0255359025418765,-0.110168838177473,0.482538490424333,0.687544483985765,0.734885224700938,0.711544611448673,0.752201257861635,0.738206810371759,0.250717154331612,0.702143116600073,0.516808274843,"87",0,0,0,0
639495,7691565,-0.0389278017241379,-0.069862819968887,-0.0534780860474467,-0.0370680879094556,-0.0282283669110432,-0.127103425340871,0.740671641791045,0.733286664333217,0.776241357636706,0.798343330477007,0.80583646344987,0.79316288422867,0.528776006484734,0.718620689655172,0.547971667739858,"88",0,0,0,0
639195,7691535,-0.0469079409697822,-0.0420748204123518,-0.035721971164192,-0.0272394881170019,-0.0291424887169568,-0.131160830090791,0.0323837350864378,0.548481880509305,0.51304347826087,0.576888080072794,0.589269195189639,0.571948998178506,1.07432432432432,0.701232777374909,0.735849056603774,"89",0,0,0,0
639225,7691535,-0.039207238259371,-0.0665342601787487,-0.0598322811646094,-0.0441078403353339,-0.0288575899843506,-0.104591350733473,0.198033324228353,0.611504424778761,0.600486223662885,0.608221476510067,0.642006802721088,0.626364399664148,1.24483306836248,0.771883289124669,0.710965867828613,"90",0,0,0,0
639255,7691535,-0.0439845778582107,-0.0559352517985612,-0.0477955520873976,-0.0331557134399053,-0.0286616468302162,-0.0174139585904292,0.74296205630355,0.635386523356759,0.616988416988417,0.625585023400936,0.637594583831143,0.622047244094488,0.456999614346317,0.768371546149324,0.646333949476278,"91",0,0,0,0
639285,7691535,-0.0386240640521907,-0.0339525944907111,0.0451676772676649,0.0863764991241072,-0.028002414001207,0.116069754359647,0.710712343665035,0.664402716739912,0.655322862129145,0.643481565944508,0.666539779215836,0.651092690278824,0.244208494208494,0.596248325145154,0.616438356164383,"92",0,0,0,0
639315,7691535,-0.0462820794033779,-0.0555275960409327,-0.0555456965394854,-0.0300081103000811,-0.0285889570552147,-0.0675313979822936,0.138913234005259,0.63739837398374,0.676458752515091,0.665817255187477,0.674609084139985,0.660029498525074,0.254723750298972,0.649212430821626,0.638816813700052,"93",0,0,0,0
639345,7691535,-0.052856706385579,-0.061251015434606,-0.042570281124498,-0.0435642058845891,-0.027071163871616,-0.099882095334344,0.042542108004862,0.609279609279609,0.642129105322763,0.651716888577435,0.633014001473839,0.61970802919708,0.203235172127748,0.535915492957746,0.54272076372315,"94",0,0,0,0
639375,7691535,-0.0436564223798266,-0.075092585296667,-0.0735570890840652,-0.0755353476092696,-0.0277521383299489,-0.133513351335134,-0.0962054426983519,0.585667215815486,0.615671641791045,0.610619469026549,0.635272045028143,0.621701969528056,0.117151212798899,0.362221544095209,0.3578125,"95",0,0,0,0
639405,7691535,-0.0365643066296268,-0.0349805663520267,-0.0405471421592574,-0.0263014974008844,-0.0309155766944114,-0.107895364554345,0.650107991360691,0.675503711558855,0.714095744680851,0.68985408890397,0.712602291325696,0.699155295646524,0.143181818181818,0.55282112845138,0.504746835443038,"96",0,0,0,0
639435,7691535,-0.0320472714633299,-0.0591411042944785,-0.0561895132168136,-0.046510071605434,-0.0282178790331907,-0.120747266099635,0.793969849246231,0.683818970861748,0.706277372262774,0.684399282725642,0.698777214434835,0.687333135568081,0.105824039653036,0.318829418559877,0.363924050632911,"97",0,0,0,0
639465,7691535,-0.0365970230779735,-0.0255438365194463,-0.0382439465942521,-0.0292269871619776,-0.0298274966826286,-0.0542878174457122,0.789782244556114,0.709594333547972,0.738946093276802,0.705514157973174,0.742316784869976,0.73015873015873,0.118996798292423,0.280372020926177,0.311516362727954,"98",0,0,0,0
639495,7691535,-0.0337754683440449,-0.0690759052429395,-0.0475932936722553,-0.0348084024456686,-0.0286677908937605,-0.122976047102904,0.856978085351788,0.755719557195572,0.800963081861958,0.801059446733373,0.824304538799414,0.810716365754222,0.545399879735418,0.776190476190476,0.561093804084458,"99",0,0,0,0
639195,7691505,-0.0404303003137607,-0.033899990058654,-0.00510884051532651,-0.0151672162034856,-0.0292434837889383,-0.0820021299254527,0.513568868407578,0.564922480620155,0.572577232331782,0.565256934970441,0.589885057471264,0.573176257362936,0.675908810844116,0.751470588235294,0.724649629018961,"100",0,0,0,0
639225,7691505,-0.0466650378695334,-0.0554739162380603,-0.0483165303404983,-0.0293904208998548,-0.0325223435948361,-0.0915593705293276,0.668866226754649,0.61939615736505,0.603461249059443,0.611952861952862,0.633003867640739,0.617834394904459,0.560743211052882,0.82704811443433,0.671720500988794,"101",0,0,0,0
639255,7691505,-0.0469069730835825,-0.0495066643586637,-0.0382588327152059,-0.0243628185907046,-0.0286566793062722,-0.117277486910995,0.570742124933262,0.609939052977028,0.613389121338912,0.622296173044925,0.624352331606218,0.608194622279129,0.358453473132372,0.805405405405406,0.657633840052875,"102",0,0,0,0
639285,7691505,-0.0472389640006516,-0.0569817355441461,-0.0390384424356809,-0.0409242216565499,-0.0309265256874326,-0.146848549593229,0.0227848101265823,0.556076959174097,0.566666666666667,0.572685379136992,0.579868708971554,0.563714902807775,0.125587958607714,0.498171846435101,0.608362369337979,"103",0,0,0,0
639315,7691505,-0.0190188410949164,-0.0640036314117113,-0.034216453931138,-0.0179088471849866,-0.0284406668846029,-0.121147715196599,0.0652631578947368,0.59908466819222,0.594957983193277,0.580194667795176,0.604611443210931,0.590544533558464,0.183694267515924,0.670814479638009,0.678650036683786,"104",0,0,0,0
639345,7691505,-0.0261867154376923,-0.0295985151899971,-0.0229071220324865,-0.0203650336215178,-0.0193025350662721,-0.0115518441196938,0.324667822068169,0.691077441077441,0.685779816513762,0.653156664068589,0.687669114804793,0.671002295332823,0.31138837271038,0.866883116883117,0.469674185463659,"105",0,0,0,0
639375,7691505,-0.0283039893024293,-0.0440263231068681,0.0167317904017634,0.0515043345232025,-0.0292018948252084,0.085955847815876,0.580579355365157,0.682962962962963,0.693169877408056,0.654188948306595,0.683733890630442,0.669427191166322,0.223355328934213,0.41368487131199,0.562527618205921,"106",0,0,0,0
639405,7691505,-0.0373291629836132,-0.0129993358003606,-0.0397538256819694,-0.032653377801908,-0.0315666860803728,-0.0581490581490582,0.709950914770192,0.674511103745443,0.702325581395349,0.685478757133798,0.696762141967621,0.683982683982684,0.253484959647836,0.434928848641656,0.525527569775358,"107",0,0,0,0
639435,7691505,-0.0318454184339864,-0.0426829268292683,-0.0406760240618734,-0.026973026973027,-0.0313999884346267,-0.110169491525424,0.732748304746709,0.683303624480095,0.709100907341215,0.689684092815208,0.708391413437413,0.697171381031614,0.0999178114359516,0.217657045840407,0.344899375433727,"108",0,0,0,0
639465,7691505,-0.0404883011190234,-0.0480189327429574,-0.039874006729186,-0.0316614218739965,-0.0298007406101217,-0.0907119064218763,0.434890793475256,0.701328150307742,0.732495511669659,0.712663259511641,0.74869109947644,0.736263736263736,0.182429403854774,0.29714176098216,0.338597750658052,"109",0,0,0,0
639495,7691505,-0.0350216269010744,-0.0660073102558589,-0.0521983675149187,-0.0385111479638843,-0.0288017067678084,-0.12454885938032,0.27087698293924,0.751698113207547,0.805924412665986,0.80724334031727,0.82202380952381,0.808284023668639,0.483590995389205,0.76069670579326,0.583864118895966,"110",0,0,0,0
639195,7691475,-0.0411609498680738,-0.0595171252105559,-0.0733333333333333,-0.0421575846833579,-0.0291700646132614,-0.128255793066283,0.515828677839851,0.476470588235294,0.488032454361055,0.483695652173913,0.468354430379747,0.456059204440333,0.548661800486618,0.720748829953198,0.595611285266458,"111",0,0,0,0
639225,7691475,-0.0364976159514521,-0.0525030525030525,-0.0597393510014869,-0.0433918516064922,-0.028169014084507,-0.128389644580957,0.531967721911856,0.563265306122449,0.554817275747508,0.508344609833108,0.539923954372624,0.525773195876289,0.431875314228255,0.902896081771721,0.645549318364074,"112",0,0,0,0
639255,7691475,-0.043763487268019,-0.0610921501706485,-0.0733693247190016,-0.0698589701541489,-0.0289303387894937,-0.127483584889571,0.425287356321839,0.523659305993691,0.519963702359347,0.506229810798339,0.50047664442326,0.485902255639098,0.280478683620045,0.892123287671233,0.610867659947415,"113",0,0,0,0
639285,7691475,-0.0351672798836313,-0.0512154388569308,-0.000806544532780249,0.0235434007134364,-0.021771820856489,0.0247217001590285,0.436146707909854,0.636105860113422,0.607158074137196,0.562884784520668,0.596885813148789,0.583440034144259,0.187371663244353,0.672342924251321,0.625722543352601,"114",0,0,0,0
639315,7691475,-0.0400351957765068,-0.0257969592937714,0.0408163265306123,0.0719872729683149,-0.0230836783339606,0.3188484519283,0.708086785009862,0.687524910322838,0.653429602888087,0.627338678885071,0.655354449472097,0.641523525018671,0.144751799924214,0.505043227665706,0.55671570953963,"115",0,0,0,0
639345,7691475,-0.0366102171316141,-0.0559167750325098,-0.027359017308766,0.00853513298928146,-0.0315018315018315,-0.00349650349650355,0.3922797756516,0.677695601401323,0.684027777777778,0.653025533403288,0.663652802893309,0.65030455034038,0.165174318917889,0.545880776959143,0.457227138643068,"116",0,0,0,0
639375,7691475,-0.0429413017247498,-0.0557170140330483,-0.0541383446621351,-0.0629657794676807,-0.0290147211532588,-0.10318014156116,0.0938613861386139,0.623897353648757,0.651789007746219,0.634354953670706,0.631024096385542,0.616387337057728,0.222336275918703,0.38712715855573,0.464720194647202,"117",0,0,0,0
639405,7691475,-0.0448781877760365,-0.0691034590948309,-0.0566122174983217,-0.0495937237321379,-0.0320141472040978,-0.0829834747655204,0.138588133391078,0.655559715462374,0.690940170940171,0.661109220823409,0.67934224049332,0.666440217391304,0.162152530292231,0.370524130773223,0.423317140874393,"118",0,0,0,0
639435,7691475,-0.0509285312324142,-0.0559748897690755,-0.0502842151289899,-0.0417703286630876,-0.033535305057292,-0.116535198690281,0.135053682426069,0.680140597539543,0.71875,0.707570207570208,0.716384541679974,0.702788339670469,0.158440788498592,0.323771356253955,0.369073275862069,"119",0,0,0,0
639465,7691475,-0.0298738658995353,-0.0591828942344406,-0.0499124343257443,-0.0397209843053672,-0.0293869685655787,-0.125726693282903,0.17885623148781,0.692249811888638,0.731832139201638,0.713150049685326,0.740442655935614,0.726364846870839,0.222794248180366,0.411823397355949,0.447637925338619,"120",0,0,0,0
639495,7691475,-0.0331406832979735,-0.0481192554259673,-0.0470588235294118,-0.0340364631945741,-0.0295348559129499,-0.123265081764463,0.624954660863257,0.698831385642738,0.738383195416932,0.73972602739726,0.748749632244778,0.73676513600468,0.130289193302892,0.319416386083053,0.366523143164693,"121",0,0,0,0
639195,7691445,-0.0411785587504437,-0.0537908437244016,-0.0707464431884623,-0.0611131320480175,-0.0336790882315277,-0.143538225778989,0.38418395961862,0.453100158982512,0.463458919655016,0.441346153846154,0.447694595934556,0.439252336448598,0.426200355660937,0.725663716814159,0.535460992907801,"122",0,0,0,0
639225,7691445,-0.0476356050069541,-0.0557755207436737,-0.05537873965627,-0.0281833616298812,-0.027893175074184,-0.0779462102689487,0.22183908045977,0.513395297977037,0.513541134389371,0.472303206997085,0.488348530901722,0.479879275653924,0.366441658630665,0.938856015779093,0.599627560521415,"123",0,0,0,0
639255,7691445,-0.0610537101870037,-0.0744095488021671,-0.0728248022547505,-0.0598951145459564,-0.0321253152794371,-0.101732752205804,0.0259714113146769,0.586711711711712,0.556695741405849,0.48574144486692,0.486803519061584,0.479824987846378,0.180525164113786,0.634844868735084,0.548709408825978,"124",0,0,0,0
639285,7691445,-0.0540457546445571,-0.0461647727272728,0.0229321163719338,0.00587864791098047,-0.0326493741127887,0.0134380190246112,0.119004615693357,0.566577642121328,0.567180222142601,0.56560717196414,0.583680266444629,0.575807787903894,0.0287571080422421,0.250704225352113,0.407552721922511,"125",0,0,0,0
639315,7691445,-0.0593286494925839,-0.0648621884799472,-0.0691028749567025,-0.0531536744647433,-0.0297223308564724,-0.10576015108593,-0.0792267900898448,0.347919655667145,0.459087617668356,0.550607287449393,0.534405719392315,0.520282186948854,0.135007512341704,0.452518262206844,0.361576354679803,"126",0,0,0,0
639345,7691445,-0.0375220347519516,-0.0577830188679245,-0.0445558086560365,-0.0222972972972974,-0.0279583875162549,-0.131694820270595,-0.0181558255897069,0.469792605951308,0.551360842844601,0.541212385521151,0.567143516382095,0.551614370168258,0.149249936435291,0.958734525447043,0.413423575860124,"127",0,0,0,0
639375,7691445,-0.0398413245946878,-0.0480380080943164,-0.0105630390541718,-0.00747198007471977,-0.0289612562749388,-0.117861675126904,0.0921960714917714,0.51425855513308,0.570363466915191,0.547587428065516,0.558964525407478,0.544423440453686,0.0590426522629913,0.231562974203338,0.402072538860104,"128",0,0,0,0
639405,7691445,-0.0284395198522623,-0.0607897471423623,-0.0565594506685941,-0.0476437527021184,-0.0253012048192771,-0.122578544685007,-0.061708434384263,0.469302809573361,0.512048192771084,0.499292786421499,0.502028397565923,0.485799701046338,0.130901287553648,0.2509117432531,0.266076696165192,"129",0,0,0,0
639435,7691445,-0.0215396503428958,-0.0597299168975069,-0.0531761513018404,-0.0398527528809219,-0.0261707988980716,-0.113798350284296,-0.0770340103352962,0.509985387238188,0.556164383561644,0.54318281455502,0.547586206896552,0.532184950135993,0.0201115430116614,0.0848726909635547,0.0988262021961378,"130",0,0,0,0
639465,7691445,-0.0652018151421065,-0.0724568897326372,-0.061877138182359,-0.0539838913665713,-0.0373961218836565,-0.131027481690958,0.124672407338076,0.648825567963034,0.688825008983112,0.642553191489362,0.687434002111933,0.672016748080949,0.0835984958056118,0.175,0.177824267782427,"131",0,0,0,0
639495,7691445,-0.0374208405296488,-0.0534985643040653,-0.0511863690769556,-0.0401197978411431,-0.0317374932759548,-0.129267621145374,0.713822456424807,0.721231766612642,0.75085430257844,0.74598623853211,0.753136854391596,0.741149158444573,0.177164773565423,0.328772635814889,0.352020202020202,"132",0,0,0,0
639195,7691415,-0.0329850068150841,-0.0467879688080208,-0.00539083557951479,-0.00701207635372028,-0.0282279142707789,-0.0769068467137884,0.317339149400218,0.421421421421421,0.43168880455408,0.39289055191768,0.452334630350195,0.441927710843373,0.360157016683023,0.68421052631579,0.511700468018721,"133",0,0,0,0
639225,7691415,-0.0594855305466238,-0.066540740104748,-0.104818949087939,-0.0756544712192779,-0.034335622374825,-0.140419947506562,-0.134338588074023,0.421875,0.493636972538513,0.445635528330781,0.428262046561992,0.416621983914209,0.186482084690554,0.717996289424861,0.593688362919132,"134",0,0,0,0
639255,7691415,-0.0215503377291734,-0.0569121897737466,-0.04425658876181,-0.0554253024477163,-0.0368942731277533,-0.1372703930476,-0.0239726027397259,0.247903075489282,0.363122171945701,0.386752136752137,0.371300949190396,0.361419068736142,0.136601307189542,0.453488372093023,0.338427947598253,"135",0,0,0,0
639285,7691415,-0.0366128042544488,-0.0601981678818471,-0.0677748095379441,-0.0414957550319565,-0.0338676145127758,-0.137787056367432,-0.0733944954128441,0.0491707884783241,0.148337595907928,0.393498301795245,0.385504201680672,0.376108502869066,0.105667900882939,0.551797040169133,0.326513213981245,"136",0,0,0,0
639315,7691415,-0.0218382995244103,-0.0521519968980226,-0.0448160535117057,-0.0394542772861357,-0.0323464197208818,-0.114935934213043,0.201662049861496,0.338191170167167,0.353078721745908,0.40295566502463,0.440704298291041,0.426972010178117,0.147160338876687,2.34702258726899,0.542857142857143,"137",0,0,0,0
639345,7691415,-0.0513178565194625,-0.061054579093432,-0.0519938511619495,-0.0415159345391904,-0.0294813583168127,-0.126786201874943,0.0698849284310974,0.544036235530951,0.538393253439858,0.49623352165725,0.54192037470726,0.52561144439317,0.18234552332913,1.48210526315789,0.446475195822454,"138",0,0,0,0
639375,7691415,-0.0361034314522687,-0.0565312363477501,-0.0500987609983839,-0.030958230958231,-0.0254132741179373,-0.081573265746738,0.204273721699313,0.567689530685921,0.587012987012987,0.577310924369748,0.589880159786951,0.575120455540955,0.0814917127071823,0.227390927477608,0.354138398914518,"139",0,0,0,0
639405,7691415,-0.047186182960086,-0.0721097540572194,-0.053156441990918,-0.05592371100695,-0.0320004990331233,-0.141636900139773,-0.0581323438466295,0.457071960297767,0.470043838285436,0.473488372093023,0.468839884947267,0.455576559546314,0.0625213529210795,0.184994272623139,0.233835252435784,"140",0,0,0,0
639435,7691415,-0.0389815454455738,-0.0668439042916825,-0.048354735152488,-0.0258260539308773,-0.0306368330464716,-0.110126343579106,0.0107136970496127,0.385214007782101,0.416849015317287,0.391975308641975,0.396288209606987,0.383708467309753,0.0853689247041047,0.192244224422442,0.278595696489241,"141",0,0,0,0
639465,7691415,-0.0290752204089288,-0.0615179760319573,-0.0586108959462948,-0.0449963117777232,-0.032377428307123,-0.133665387441823,0.0779838326200666,0.492284718765555,0.544145873320537,0.481175390266299,0.525530953456846,0.510477039679001,0.0343447815938646,0.117560255779636,0.114026236125126,"142",0,0,0,0
639495,7691415,-0.0362374710871242,-0.0631578947368422,-0.052964543180815,-0.0402906208718626,-0.0283923303834808,-0.121874777405798,0.1516121655614,0.704137678506042,0.74242928452579,0.704896483733158,0.734732824427481,0.721783117293708,0.118517494122528,0.251547987616099,0.244320815948076,"143",0,0,0,0
