"";"id";"geometry";"ndvi.max";"ndvi.max.doy";"ndvi.pred.doy";"ndvi.max.date"
"1";1;c(639175, 7691815);0,182671730085146;228;177;1970-08-16
"2";2;c(639185, 7691815);0,256384178406542;231;177;1970-08-19
"3";3;c(639195, 7691815);0,309712531680467;231;177;1970-08-19
"4";4;c(639205, 7691815);0,349668319360237;229;177;1970-08-17
"5";5;c(639215, 7691815);0,405810163485924;228;177;1970-08-16
"6";6;c(639225, 7691815);0,423201264441456;229;177;1970-08-17
"7";7;c(639235, 7691815);0,421122928637542;226;177;1970-08-14
"8";8;c(639245, 7691815);0,451641130060606;224;177;1970-08-12
"9";9;c(639255, 7691815);0,478653204649527;225;177;1970-08-13
"10";10;c(639265, 7691815);0,496627899979779;228;177;1970-08-16
"11";11;c(639275, 7691815);0,490130492845482;228;177;1970-08-16
"12";12;c(639285, 7691815);0,497255115012378;228;177;1970-08-16
"13";13;c(639295, 7691815);0,483397572531207;228;177;1970-08-16
"14";14;c(639305, 7691815);0,4656169650051;227;177;1970-08-15
"15";15;c(639315, 7691815);0,443744464197105;227;177;1970-08-15
"16";16;c(639325, 7691815);0,425207756929057;226;177;1970-08-14
"17";17;c(639335, 7691815);0,413886003103041;226;177;1970-08-14
"18";18;c(639345, 7691815);0,402847280854035;226;177;1970-08-14
"19";19;c(639355, 7691815);0,400953805712054;227;177;1970-08-15
"20";20;c(639365, 7691815);0,397233625829858;225;177;1970-08-13
"21";21;c(639375, 7691815);0,380782623263295;226;177;1970-08-14
"22";22;c(639385, 7691815);0,367635100930227;225;177;1970-08-13
"23";23;c(639395, 7691815);0,364709627875389;225;177;1970-08-13
"24";24;c(639405, 7691815);0,354468199557133;226;177;1970-08-14
"25";25;c(639415, 7691815);0,336199411959012;227;177;1970-08-15
"26";26;c(639425, 7691815);0,356165910528256;225;177;1970-08-13
"27";27;c(639435, 7691815);0,384877293842378;223;177;1970-08-11
"28";28;c(639445, 7691815);0,408532313088209;224;177;1970-08-12
"29";29;c(639455, 7691815);0,410015646404426;225;177;1970-08-13
"30";30;c(639465, 7691815);0,438853294641674;225;177;1970-08-13
"31";31;c(639475, 7691815);0,480679224900273;227;177;1970-08-15
"32";32;c(639485, 7691815);0,511471993535416;227;177;1970-08-15
"33";33;c(639495, 7691815);0,519786966489325;227;177;1970-08-15
"34";34;c(639505, 7691815);0,510114628980407;226;177;1970-08-14
"35";35;c(639515, 7691815);0,497402428109366;227;177;1970-08-15
"36";36;c(639175, 7691805);0,196636656212646;230;177;1970-08-18
"37";37;c(639185, 7691805);0,229182928465367;233;177;1970-08-21
"38";38;c(639195, 7691805);0,227789188978515;233;177;1970-08-21
"39";39;c(639205, 7691805);0,254618908888366;232;177;1970-08-20
"40";40;c(639215, 7691805);0,281510352198862;231;177;1970-08-19
"41";41;c(639225, 7691805);0,313831528874944;230;177;1970-08-18
"42";42;c(639235, 7691805);0,376568107894844;230;177;1970-08-18
"43";43;c(639245, 7691805);0,431472460730956;230;177;1970-08-18
"44";44;c(639255, 7691805);0,444303165144457;232;177;1970-08-20
"45";45;c(639265, 7691805);0,480957874609903;232;177;1970-08-20
"46";46;c(639275, 7691805);0,496989268517152;231;177;1970-08-19
"47";47;c(639285, 7691805);0,472434290197932;231;177;1970-08-19
"48";48;c(639295, 7691805);0,438322834755378;228;177;1970-08-16
"49";49;c(639305, 7691805);0,416897394009748;227;177;1970-08-15
"50";50;c(639315, 7691805);0,389044439060512;227;177;1970-08-15
"51";51;c(639325, 7691805);0,365790678798797;228;177;1970-08-16
"52";52;c(639335, 7691805);0,34812286788008;228;177;1970-08-16
"53";53;c(639345, 7691805);0,339156410840907;225;177;1970-08-13
"54";54;c(639355, 7691805);0,361419852780547;227;177;1970-08-15
"55";55;c(639365, 7691805);0,35441528969367;229;177;1970-08-17
"56";56;c(639375, 7691805);0,344004230219249;227;177;1970-08-15
"57";57;c(639385, 7691805);0,345046880371081;227;177;1970-08-15
"58";58;c(639395, 7691805);0,343485940533253;226;177;1970-08-14
"59";59;c(639405, 7691805);0,332577014542136;228;177;1970-08-16
"60";60;c(639415, 7691805);0,305930082473361;228;177;1970-08-16
"61";61;c(639425, 7691805);0,347728182760145;224;177;1970-08-12
"62";62;c(639435, 7691805);0,393260576265584;223;177;1970-08-11
"63";63;c(639445, 7691805);0,403423079479258;224;177;1970-08-12
"64";64;c(639455, 7691805);0,40651944150688;224;177;1970-08-12
"65";65;c(639465, 7691805);0,445453977398083;226;177;1970-08-14
"66";66;c(639475, 7691805);0,486710218920064;226;177;1970-08-14
"67";67;c(639485, 7691805);0,513123301856129;226;177;1970-08-14
"68";68;c(639495, 7691805);0,533077043310432;226;177;1970-08-14
"69";69;c(639505, 7691805);0,527624783980453;228;177;1970-08-16
"70";70;c(639515, 7691805);0,506147560992169;227;177;1970-08-15
"71";71;c(639175, 7691795);0,312259212090261;228;177;1970-08-16
"72";72;c(639185, 7691795);0,306177693245774;231;177;1970-08-19
"73";73;c(639195, 7691795);0,28477969922865;229;177;1970-08-17
"74";74;c(639205, 7691795);0,299475063944177;231;177;1970-08-19
"75";75;c(639215, 7691795);0,257413913905975;235;177;1970-08-23
"76";76;c(639225, 7691795);0,245814360297783;235;177;1970-08-23
"77";77;c(639235, 7691795);0,29642831388791;233;177;1970-08-21
"78";78;c(639245, 7691795);0,321764152009589;234;177;1970-08-22
"79";79;c(639255, 7691795);0,322523430206852;234;177;1970-08-22
"80";80;c(639265, 7691795);0,325222695844064;232;177;1970-08-20
"81";81;c(639275, 7691795);0,380423775180329;231;177;1970-08-19
"82";82;c(639285, 7691795);0,408964543304887;230;177;1970-08-18
"83";83;c(639295, 7691795);0,388756016541579;229;177;1970-08-17
"84";84;c(639305, 7691795);0,356906905179497;229;177;1970-08-17
"85";85;c(639315, 7691795);0,30939107647399;231;177;1970-08-19
"86";86;c(639325, 7691795);0,271733946495931;231;177;1970-08-19
"87";87;c(639335, 7691795);0,255225665231789;231;177;1970-08-19
"88";88;c(639345, 7691795);0,283823423982278;231;177;1970-08-19
"89";89;c(639355, 7691795);0,327934001183616;232;177;1970-08-20
"90";90;c(639365, 7691795);0,306280257525243;233;177;1970-08-21
"91";91;c(639375, 7691795);0,267943638488429;232;177;1970-08-20
"92";92;c(639385, 7691795);0,250540272158627;231;177;1970-08-19
"93";93;c(639395, 7691795);0,234962992244665;227;177;1970-08-15
"94";94;c(639405, 7691795);0,262020714750107;227;177;1970-08-15
"95";95;c(639415, 7691795);0,307594751530748;229;177;1970-08-17
"96";96;c(639425, 7691795);0,356061886737978;227;177;1970-08-15
"97";97;c(639435, 7691795);0,384241044976792;226;177;1970-08-14
"98";98;c(639445, 7691795);0,39020743321623;224;177;1970-08-12
"99";99;c(639455, 7691795);0,417300827173704;224;177;1970-08-12
"100";100;c(639465, 7691795);0,44925636082736;226;177;1970-08-14
"101";101;c(639475, 7691795);0,46302644559528;228;177;1970-08-16
"102";102;c(639485, 7691795);0,452242969704881;225;177;1970-08-13
"103";103;c(639495, 7691795);0,476329316963499;224;177;1970-08-12
"104";104;c(639505, 7691795);0,496830554903469;225;177;1970-08-13
"105";105;c(639515, 7691795);0,516173311400457;226;177;1970-08-14
"106";106;c(639175, 7691785);0,394646932373831;229;177;1970-08-17
"107";107;c(639185, 7691785);0,368288164623495;229;177;1970-08-17
"108";108;c(639195, 7691785);0,350993102685281;227;177;1970-08-15
"109";109;c(639205, 7691785);0,369002485728018;228;177;1970-08-16
"110";110;c(639215, 7691785);0,341710085395546;231;177;1970-08-19
"111";111;c(639225, 7691785);0,293704943566979;232;177;1970-08-20
"112";112;c(639235, 7691785);0,282194978940677;232;177;1970-08-20
"113";113;c(639245, 7691785);0,249406142437683;232;177;1970-08-20
"114";114;c(639255, 7691785);0,262109825045464;232;177;1970-08-20
"115";115;c(639265, 7691785);0,243772572710713;232;177;1970-08-20
"116";116;c(639275, 7691785);0,252835924176517;231;177;1970-08-19
"117";117;c(639285, 7691785);0,309369258424255;233;177;1970-08-21
"118";118;c(639295, 7691785);0,320068792124145;231;177;1970-08-19
"119";119;c(639305, 7691785);0,334085991508065;230;177;1970-08-18
"120";120;c(639315, 7691785);0,300800141312191;235;177;1970-08-23
"121";121;c(639325, 7691785);0,255469790789855;235;177;1970-08-23
"122";122;c(639335, 7691785);0,231796032666307;235;177;1970-08-23
"123";123;c(639345, 7691785);0,263315767489574;231;177;1970-08-19
"124";124;c(639355, 7691785);0,292589674767711;234;177;1970-08-22
"125";125;c(639365, 7691785);0,277167231188654;235;177;1970-08-23
"126";126;c(639375, 7691785);0,232390602629837;235;177;1970-08-23
"127";127;c(639385, 7691785);0,196283288993679;236;177;1970-08-24
"128";128;c(639395, 7691785);0,167465138928101;237;177;1970-08-25
"129";129;c(639405, 7691785);0,163882276815315;231;177;1970-08-19
"130";130;c(639415, 7691785);0,227330036390666;226;177;1970-08-14
"131";131;c(639425, 7691785);0,333592728458391;227;177;1970-08-15
"132";132;c(639435, 7691785);0,372930970880734;227;177;1970-08-15
"133";133;c(639445, 7691785);0,391744463240884;224;177;1970-08-12
"134";134;c(639455, 7691785);0,437477378647438;226;177;1970-08-14
"135";135;c(639465, 7691785);0,449827026821581;226;177;1970-08-14
"136";136;c(639475, 7691785);0,447902310433304;228;177;1970-08-16
"137";137;c(639485, 7691785);0,42329202467948;225;177;1970-08-13
"138";138;c(639495, 7691785);0,442979769232644;223;177;1970-08-11
"139";139;c(639505, 7691785);0,460444949006154;224;177;1970-08-12
"140";140;c(639515, 7691785);0,48458770103243;225;177;1970-08-13
"141";141;c(639175, 7691775);0,465671610432103;229;177;1970-08-17
"142";142;c(639185, 7691775);0,434904098352926;228;177;1970-08-16
"143";143;c(639195, 7691775);0,430508731302193;229;177;1970-08-17
"144";144;c(639205, 7691775);0,434583630773598;229;177;1970-08-17
"145";145;c(639215, 7691775);0,400426921868967;231;177;1970-08-19
"146";146;c(639225, 7691775);0,312845127470528;232;177;1970-08-20
"147";147;c(639235, 7691775);0,270800064127123;230;177;1970-08-18
"148";148;c(639245, 7691775);0,275581713356789;230;177;1970-08-18
"149";149;c(639255, 7691775);0,293078790904738;230;177;1970-08-18
"150";150;c(639265, 7691775);0,283235788457106;231;177;1970-08-19
"151";151;c(639275, 7691775);0,279270787212362;229;177;1970-08-17
"152";152;c(639285, 7691775);0,293546043591374;231;177;1970-08-19
"153";153;c(639295, 7691775);0,25685170381593;234;177;1970-08-22
"154";154;c(639305, 7691775);0,249803721277217;234;177;1970-08-22
"155";155;c(639315, 7691775);0,241833246630124;236;177;1970-08-24
"156";156;c(639325, 7691775);0,239093287336201;233;177;1970-08-21
"157";157;c(639335, 7691775);0,261858954422031;235;177;1970-08-23
"158";158;c(639345, 7691775);0,277694394756959;237;177;1970-08-25
"159";159;c(639355, 7691775);0,269675075283905;236;177;1970-08-24
"160";160;c(639365, 7691775);0,292737179415841;235;177;1970-08-23
"161";161;c(639375, 7691775);0,27741781323633;236;177;1970-08-24
"162";162;c(639385, 7691775);0,240905817451093;236;177;1970-08-24
"163";163;c(639395, 7691775);0,259273156460814;237;177;1970-08-25
"164";164;c(639405, 7691775);0,24821108660378;236;177;1970-08-24
"165";165;c(639415, 7691775);0,248800641373304;234;177;1970-08-22
"166";166;c(639425, 7691775);0,344841913256998;230;177;1970-08-18
"167";167;c(639435, 7691775);0,391044766815395;228;177;1970-08-16
"168";168;c(639445, 7691775);0,428153072678538;228;177;1970-08-16
"169";169;c(639455, 7691775);0,454929781138531;227;177;1970-08-15
"170";170;c(639465, 7691775);0,455390954882195;226;177;1970-08-14
"171";171;c(639475, 7691775);0,448624079534694;228;177;1970-08-16
"172";172;c(639485, 7691775);0,428062262226802;226;177;1970-08-14
"173";173;c(639495, 7691775);0,437443932111882;224;177;1970-08-12
"174";174;c(639505, 7691775);0,443648068689625;223;177;1970-08-11
"175";175;c(639515, 7691775);0,449418841462616;223;177;1970-08-11
"176";176;c(639175, 7691765);0,469056267120991;228;177;1970-08-16
"177";177;c(639185, 7691765);0,456989960252259;227;177;1970-08-15
"178";178;c(639195, 7691765);0,465663323251246;228;177;1970-08-16
"179";179;c(639205, 7691765);0,45905325503276;229;177;1970-08-17
"180";180;c(639215, 7691765);0,414573842548277;231;177;1970-08-19
"181";181;c(639225, 7691765);0,34325273409183;230;177;1970-08-18
"182";182;c(639235, 7691765);0,3265982823105;228;177;1970-08-16
"183";183;c(639245, 7691765);0,32546431635982;228;177;1970-08-16
"184";184;c(639255, 7691765);0,319231509360612;228;177;1970-08-16
"185";185;c(639265, 7691765);0,324928478602469;228;177;1970-08-16
"186";186;c(639275, 7691765);0,3412470496401;228;177;1970-08-16
"187";187;c(639285, 7691765);0,341247694405763;230;177;1970-08-18
"188";188;c(639295, 7691765);0,307941100353111;233;177;1970-08-21
"189";189;c(639305, 7691765);0,252318624944653;235;177;1970-08-23
"190";190;c(639315, 7691765);0,263305350964248;235;177;1970-08-23
"191";191;c(639325, 7691765);0,292781337062748;235;177;1970-08-23
"192";192;c(639335, 7691765);0,33128089470089;234;177;1970-08-22
"193";193;c(639345, 7691765);0,355023815421978;235;177;1970-08-23
"194";194;c(639355, 7691765);0,336505392764002;234;177;1970-08-22
"195";195;c(639365, 7691765);0,348120207993989;234;177;1970-08-22
"196";196;c(639375, 7691765);0,352429357933787;235;177;1970-08-23
"197";197;c(639385, 7691765);0,347243694896905;235;177;1970-08-23
"198";198;c(639395, 7691765);0,379537975310163;234;177;1970-08-22
"199";199;c(639405, 7691765);0,38862674790766;233;177;1970-08-21
"200";200;c(639415, 7691765);0,399580684874848;233;177;1970-08-21
"201";201;c(639425, 7691765);0,450174945018027;232;177;1970-08-20
"202";202;c(639435, 7691765);0,45672534560618;231;177;1970-08-19
"203";203;c(639445, 7691765);0,467934632257038;231;177;1970-08-19
"204";204;c(639455, 7691765);0,478031299958767;229;177;1970-08-17
"205";205;c(639465, 7691765);0,482523961672387;228;177;1970-08-16
"206";206;c(639475, 7691765);0,460727460795843;229;177;1970-08-17
"207";207;c(639485, 7691765);0,421019633122908;228;177;1970-08-16
"208";208;c(639495, 7691765);0,438763017228383;225;177;1970-08-13
"209";209;c(639505, 7691765);0,454180980531262;223;177;1970-08-11
"210";210;c(639515, 7691765);0,46765077912433;225;177;1970-08-13
"211";211;c(639175, 7691755);0,461939385021834;227;177;1970-08-15
"212";212;c(639185, 7691755);0,466028701451436;229;177;1970-08-17
"213";213;c(639195, 7691755);0,470157638480404;229;177;1970-08-17
"214";214;c(639205, 7691755);0,444291180560755;230;177;1970-08-18
"215";215;c(639215, 7691755);0,394755180175106;230;177;1970-08-18
"216";216;c(639225, 7691755);0,365357715654569;229;177;1970-08-17
"217";217;c(639235, 7691755);0,37688770711693;229;177;1970-08-17
"218";218;c(639245, 7691755);0,373182737812402;228;177;1970-08-16
"219";219;c(639255, 7691755);0,366569053684996;229;177;1970-08-17
"220";220;c(639265, 7691755);0,355153371039674;228;177;1970-08-16
"221";221;c(639275, 7691755);0,354605855002538;227;177;1970-08-15
"222";222;c(639285, 7691755);0,34955852742257;229;177;1970-08-17
"223";223;c(639295, 7691755);0,338251887884357;230;177;1970-08-18
"224";224;c(639305, 7691755);0,301001202365381;232;177;1970-08-20
"225";225;c(639315, 7691755);0,275836298761933;231;177;1970-08-19
"226";226;c(639325, 7691755);0,30278434888366;229;177;1970-08-17
"227";227;c(639335, 7691755);0,354829771926452;232;177;1970-08-20
"228";228;c(639345, 7691755);0,384728071210738;234;177;1970-08-22
"229";229;c(639355, 7691755);0,404205944831229;233;177;1970-08-21
"230";230;c(639365, 7691755);0,422822837530844;232;177;1970-08-20
"231";231;c(639375, 7691755);0,421100449241479;231;177;1970-08-19
"232";232;c(639385, 7691755);0,42622662248547;231;177;1970-08-19
"233";233;c(639395, 7691755);0,442118619487104;230;177;1970-08-18
"234";234;c(639405, 7691755);0,461931718641175;230;177;1970-08-18
"235";235;c(639415, 7691755);0,493995720060194;231;177;1970-08-19
"236";236;c(639425, 7691755);0,483873236068849;232;177;1970-08-20
"237";237;c(639435, 7691755);0,44366456400988;231;177;1970-08-19
"238";238;c(639445, 7691755);0,442488164401381;231;177;1970-08-19
"239";239;c(639455, 7691755);0,448100710883038;230;177;1970-08-18
"240";240;c(639465, 7691755);0,45960749913857;228;177;1970-08-16
"241";241;c(639475, 7691755);0,44212523880121;229;177;1970-08-17
"242";242;c(639485, 7691755);0,379718612269654;229;177;1970-08-17
"243";243;c(639495, 7691755);0,390615181532139;225;177;1970-08-13
"244";244;c(639505, 7691755);0,441587626161637;224;177;1970-08-12
"245";245;c(639515, 7691755);0,475381748870433;227;177;1970-08-15
"246";246;c(639175, 7691745);0,455627322095123;229;177;1970-08-17
"247";247;c(639185, 7691745);0,453352502088022;230;177;1970-08-18
"248";248;c(639195, 7691745);0,433757215707764;228;177;1970-08-16
"249";249;c(639205, 7691745);0,425321038691228;229;177;1970-08-17
"250";250;c(639215, 7691745);0,404396135604775;231;177;1970-08-19
"251";251;c(639225, 7691745);0,386602189819926;231;177;1970-08-19
"252";252;c(639235, 7691745);0,38950583674968;229;177;1970-08-17
"253";253;c(639245, 7691745);0,396956276252444;227;177;1970-08-15
"254";254;c(639255, 7691745);0,397352859340532;227;177;1970-08-15
"255";255;c(639265, 7691745);0,382360013105389;227;177;1970-08-15
"256";256;c(639275, 7691745);0,36756912260119;228;177;1970-08-16
"257";257;c(639285, 7691745);0,35382649417435;229;177;1970-08-17
"258";258;c(639295, 7691745);0,336906977937271;228;177;1970-08-16
"259";259;c(639305, 7691745);0,32702741509335;227;177;1970-08-15
"260";260;c(639315, 7691745);0,319321789833756;226;177;1970-08-14
"261";261;c(639325, 7691745);0,325379415925928;227;177;1970-08-15
"262";262;c(639335, 7691745);0,338504086371667;229;177;1970-08-17
"263";263;c(639345, 7691745);0,384873051885514;232;177;1970-08-20
"264";264;c(639355, 7691745);0,424837550185872;232;177;1970-08-20
"265";265;c(639365, 7691745);0,455461017736043;231;177;1970-08-19
"266";266;c(639375, 7691745);0,457187784623645;230;177;1970-08-18
"267";267;c(639385, 7691745);0,454025444697046;228;177;1970-08-16
"268";268;c(639395, 7691745);0,468528504214955;227;177;1970-08-15
"269";269;c(639405, 7691745);0,489998893679002;226;177;1970-08-14
"270";270;c(639415, 7691745);0,507787544943941;227;177;1970-08-15
"271";271;c(639425, 7691745);0,494711332267731;229;177;1970-08-17
"272";272;c(639435, 7691745);0,476004860838038;228;177;1970-08-16
"273";273;c(639445, 7691745);0,461357712190265;228;177;1970-08-16
"274";274;c(639455, 7691745);0,439549996714773;230;177;1970-08-18
"275";275;c(639465, 7691745);0,440944253761066;230;177;1970-08-18
"276";276;c(639475, 7691745);0,415189813427376;230;177;1970-08-18
"277";277;c(639485, 7691745);0,396136523754957;229;177;1970-08-17
"278";278;c(639495, 7691745);0,405393481194598;227;177;1970-08-15
"279";279;c(639505, 7691745);0,447478385879263;225;177;1970-08-13
"280";280;c(639515, 7691745);0,491292071009304;227;177;1970-08-15
"281";281;c(639175, 7691735);0,383057140586378;232;177;1970-08-20
"282";282;c(639185, 7691735);0,383852909039968;231;177;1970-08-19
"283";283;c(639195, 7691735);0,362661439060847;231;177;1970-08-19
"284";284;c(639205, 7691735);0,379893080838286;230;177;1970-08-18
"285";285;c(639215, 7691735);0,393117087946812;232;177;1970-08-20
"286";286;c(639225, 7691735);0,381140970854137;230;177;1970-08-18
"287";287;c(639235, 7691735);0,388469123050156;227;177;1970-08-15
"288";288;c(639245, 7691735);0,401371938271561;226;177;1970-08-14
"289";289;c(639255, 7691735);0,406946721852432;226;177;1970-08-14
"290";290;c(639265, 7691735);0,407167037088113;226;177;1970-08-14
"291";291;c(639275, 7691735);0,393179483990378;226;177;1970-08-14
"292";292;c(639285, 7691735);0,37906932041181;226;177;1970-08-14
"293";293;c(639295, 7691735);0,370999134524777;225;177;1970-08-13
"294";294;c(639305, 7691735);0,362875433312087;226;177;1970-08-14
"295";295;c(639315, 7691735);0,362370130632901;227;177;1970-08-15
"296";296;c(639325, 7691735);0,365918477372447;229;177;1970-08-17
"297";297;c(639335, 7691735);0,349191118833801;229;177;1970-08-17
"298";298;c(639345, 7691735);0,359000559103209;230;177;1970-08-18
"299";299;c(639355, 7691735);0,360630721790077;230;177;1970-08-18
"300";300;c(639365, 7691735);0,358795105255395;230;177;1970-08-18
"301";301;c(639375, 7691735);0,370060327516991;228;177;1970-08-16
"302";302;c(639385, 7691735);0,409487903432476;226;177;1970-08-14
"303";303;c(639395, 7691735);0,460498454493553;226;177;1970-08-14
"304";304;c(639405, 7691735);0,501658129378737;226;177;1970-08-14
"305";305;c(639415, 7691735);0,526322433199764;226;177;1970-08-14
"306";306;c(639425, 7691735);0,53477644225649;226;177;1970-08-14
"307";307;c(639435, 7691735);0,520805025709203;227;177;1970-08-15
"308";308;c(639445, 7691735);0,510322823121587;227;177;1970-08-15
"309";309;c(639455, 7691735);0,504600210637739;228;177;1970-08-16
"310";310;c(639465, 7691735);0,476713647167312;231;177;1970-08-19
"311";311;c(639475, 7691735);0,398898320215064;232;177;1970-08-20
"312";312;c(639485, 7691735);0,373729035883933;230;177;1970-08-18
"313";313;c(639495, 7691735);0,431800508223686;229;177;1970-08-17
"314";314;c(639505, 7691735);0,453196451529496;227;177;1970-08-15
"315";315;c(639515, 7691735);0,492199669975023;227;177;1970-08-15
"316";316;c(639175, 7691725);0,258752722572529;236;177;1970-08-24
"317";317;c(639185, 7691725);0,274811767437499;235;177;1970-08-23
"318";318;c(639195, 7691725);0,257184860808699;236;177;1970-08-24
"319";319;c(639205, 7691725);0,280000431590903;236;177;1970-08-24
"320";320;c(639215, 7691725);0,293208546062705;235;177;1970-08-23
"321";321;c(639225, 7691725);0,32140966110989;231;177;1970-08-19
"322";322;c(639235, 7691725);0,371097440920334;227;177;1970-08-15
"323";323;c(639245, 7691725);0,403036727071802;225;177;1970-08-13
"324";324;c(639255, 7691725);0,41265514885112;227;177;1970-08-15
"325";325;c(639265, 7691725);0,413040814412426;227;177;1970-08-15
"326";326;c(639275, 7691725);0,404290782314396;226;177;1970-08-14
"327";327;c(639285, 7691725);0,400012575144994;227;177;1970-08-15
"328";328;c(639295, 7691725);0,396157506908312;227;177;1970-08-15
"329";329;c(639305, 7691725);0,384285936304641;226;177;1970-08-14
"330";330;c(639315, 7691725);0,388396050828008;227;177;1970-08-15
"331";331;c(639325, 7691725);0,39453014821216;228;177;1970-08-16
"332";332;c(639335, 7691725);0,388545087632935;229;177;1970-08-17
"333";333;c(639345, 7691725);0,371619810434152;230;177;1970-08-18
"334";334;c(639355, 7691725);0,318774630233684;229;177;1970-08-17
"335";335;c(639365, 7691725);0,269350034005611;226;177;1970-08-14
"336";336;c(639375, 7691725);0,287411610589154;224;177;1970-08-12
"337";337;c(639385, 7691725);0,356558488284837;224;177;1970-08-12
"338";338;c(639395, 7691725);0,414196580797186;225;177;1970-08-13
"339";339;c(639405, 7691725);0,468747178472044;227;177;1970-08-15
"340";340;c(639415, 7691725);0,506577562964888;226;177;1970-08-14
"341";341;c(639425, 7691725);0,534389373367923;226;177;1970-08-14
"342";342;c(639435, 7691725);0,523152060957959;228;177;1970-08-16
"343";343;c(639445, 7691725);0,524117955638734;229;177;1970-08-17
"344";344;c(639455, 7691725);0,516779982515448;230;177;1970-08-18
"345";345;c(639465, 7691725);0,482547820934148;231;177;1970-08-19
"346";346;c(639475, 7691725);0,433306741475839;230;177;1970-08-18
"347";347;c(639485, 7691725);0,421030336390267;229;177;1970-08-17
"348";348;c(639495, 7691725);0,440373931964652;230;177;1970-08-18
"349";349;c(639505, 7691725);0,418741810874231;229;177;1970-08-17
"350";350;c(639515, 7691725);0,42986934313031;228;177;1970-08-16
"351";351;c(639175, 7691715);0,248033128655768;235;177;1970-08-23
"352";352;c(639185, 7691715);0,268454787690761;235;177;1970-08-23
"353";353;c(639195, 7691715);0,235936683603643;236;177;1970-08-24
"354";354;c(639205, 7691715);0,226126916210886;235;177;1970-08-23
"355";355;c(639215, 7691715);0,20106149145903;232;177;1970-08-20
"356";356;c(639225, 7691715);0,242853911578525;234;177;1970-08-22
"357";357;c(639235, 7691715);0,279281914316376;230;177;1970-08-18
"358";358;c(639245, 7691715);0,333783281214432;225;177;1970-08-13
"359";359;c(639255, 7691715);0,359579582046965;228;177;1970-08-16
"360";360;c(639265, 7691715);0,346960099850569;230;177;1970-08-18
"361";361;c(639275, 7691715);0,360638552643059;230;177;1970-08-18
"362";362;c(639285, 7691715);0,375837022544572;229;177;1970-08-17
"363";363;c(639295, 7691715);0,39130156618582;230;177;1970-08-18
"364";364;c(639305, 7691715);0,379409783965072;228;177;1970-08-16
"365";365;c(639315, 7691715);0,40165773779685;224;177;1970-08-12
"366";366;c(639325, 7691715);0,428874309019601;226;177;1970-08-14
"367";367;c(639335, 7691715);0,433988598568299;229;177;1970-08-17
"368";368;c(639345, 7691715);0,423764260154544;229;177;1970-08-17
"369";369;c(639355, 7691715);0,382139578230368;231;177;1970-08-19
"370";370;c(639365, 7691715);0,323141874505993;229;177;1970-08-17
"371";371;c(639375, 7691715);0,319748156511383;223;177;1970-08-11
"372";372;c(639385, 7691715);0,365885903341575;224;177;1970-08-12
"373";373;c(639395, 7691715);0,397285232985713;226;177;1970-08-14
"374";374;c(639405, 7691715);0,427092753311864;226;177;1970-08-14
"375";375;c(639415, 7691715);0,467101486949021;226;177;1970-08-14
"376";376;c(639425, 7691715);0,50411861577738;228;177;1970-08-16
"377";377;c(639435, 7691715);0,498355908348504;229;177;1970-08-17
"378";378;c(639445, 7691715);0,485711111649638;230;177;1970-08-18
"379";379;c(639455, 7691715);0,473622753878627;229;177;1970-08-17
"380";380;c(639465, 7691715);0,473951515531936;230;177;1970-08-18
"381";381;c(639475, 7691715);0,468692487440067;228;177;1970-08-16
"382";382;c(639485, 7691715);0,477984264382056;228;177;1970-08-16
"383";383;c(639495, 7691715);0,468754186339357;230;177;1970-08-18
"384";384;c(639505, 7691715);0,424210270077353;230;177;1970-08-18
"385";385;c(639515, 7691715);0,370229862368943;230;177;1970-08-18
"386";386;c(639175, 7691705);0,390412514691846;231;177;1970-08-19
"387";387;c(639185, 7691705);0,36953165362371;230;177;1970-08-18
"388";388;c(639195, 7691705);0,340834622031541;231;177;1970-08-19
"389";389;c(639205, 7691705);0,333639282293504;230;177;1970-08-18
"390";390;c(639215, 7691705);0,28471050058847;227;177;1970-08-15
"391";391;c(639225, 7691705);0,236346426770711;232;177;1970-08-20
"392";392;c(639235, 7691705);0,197169823541555;234;177;1970-08-22
"393";393;c(639245, 7691705);0,21096498359262;235;177;1970-08-23
"394";394;c(639255, 7691705);0,235103906836879;233;177;1970-08-21
"395";395;c(639265, 7691705);0,259933575161918;233;177;1970-08-21
"396";396;c(639275, 7691705);0,291528589980843;232;177;1970-08-20
"397";397;c(639285, 7691705);0,330013089468561;231;177;1970-08-19
"398";398;c(639295, 7691705);0,381630392682183;233;177;1970-08-21
"399";399;c(639305, 7691705);0,391546645347486;234;177;1970-08-22
"400";400;c(639315, 7691705);0,416045999122644;234;177;1970-08-22
"401";401;c(639325, 7691705);0,45646822260209;231;177;1970-08-19
"402";402;c(639335, 7691705);0,45718823605733;229;177;1970-08-17
"403";403;c(639345, 7691705);0,430136264069123;228;177;1970-08-16
"404";404;c(639355, 7691705);0,415229143757581;229;177;1970-08-17
"405";405;c(639365, 7691705);0,385292413208934;226;177;1970-08-14
"406";406;c(639375, 7691705);0,379717236985597;224;177;1970-08-12
"407";407;c(639385, 7691705);0,396475771436569;225;177;1970-08-13
"408";408;c(639395, 7691705);0,396850295212099;225;177;1970-08-13
"409";409;c(639405, 7691705);0,402806035477932;225;177;1970-08-13
"410";410;c(639415, 7691705);0,422874806820188;225;177;1970-08-13
"411";411;c(639425, 7691705);0,457877292028553;226;177;1970-08-14
"412";412;c(639435, 7691705);0,467608333037408;229;177;1970-08-17
"413";413;c(639445, 7691705);0,461545377848048;229;177;1970-08-17
"414";414;c(639455, 7691705);0,450805048735157;228;177;1970-08-16
"415";415;c(639465, 7691705);0,456743108557961;228;177;1970-08-16
"416";416;c(639475, 7691705);0,466245545492222;227;177;1970-08-15
"417";417;c(639485, 7691705);0,466605653865434;228;177;1970-08-16
"418";418;c(639495, 7691705);0,448904733190649;228;177;1970-08-16
"419";419;c(639505, 7691705);0,441740409875468;229;177;1970-08-17
"420";420;c(639515, 7691705);0,404057851660072;229;177;1970-08-17
"421";421;c(639175, 7691695);0,425212564265131;227;177;1970-08-15
"422";422;c(639185, 7691695);0,422859400422474;228;177;1970-08-16
"423";423;c(639195, 7691695);0,418699344915145;229;177;1970-08-17
"424";424;c(639205, 7691695);0,397456525948126;227;177;1970-08-15
"425";425;c(639215, 7691695);0,371002862575329;226;177;1970-08-14
"426";426;c(639225, 7691695);0,340572945566497;230;177;1970-08-18
"427";427;c(639235, 7691695);0,273049782794737;233;177;1970-08-21
"428";428;c(639245, 7691695);0,205251579111393;235;177;1970-08-23
"429";429;c(639255, 7691695);0,183843083247531;234;177;1970-08-22
"430";430;c(639265, 7691695);0,283495133969379;233;177;1970-08-21
"431";431;c(639275, 7691695);0,35707158572297;233;177;1970-08-21
"432";432;c(639285, 7691695);0,363111862835771;232;177;1970-08-20
"433";433;c(639295, 7691695);0,374660243748887;231;177;1970-08-19
"434";434;c(639305, 7691695);0,363134901891653;234;177;1970-08-22
"435";435;c(639315, 7691695);0,357703184321563;236;177;1970-08-24
"436";436;c(639325, 7691695);0,379672383425477;236;177;1970-08-24
"437";437;c(639335, 7691695);0,401275312815382;235;177;1970-08-23
"438";438;c(639345, 7691695);0,424129803507515;232;177;1970-08-20
"439";439;c(639355, 7691695);0,421084513473279;228;177;1970-08-16
"440";440;c(639365, 7691695);0,407966829859302;225;177;1970-08-13
"441";441;c(639375, 7691695);0,407982111815609;226;177;1970-08-14
"442";442;c(639385, 7691695);0,409993097641729;226;177;1970-08-14
"443";443;c(639395, 7691695);0,405401450211036;225;177;1970-08-13
"444";444;c(639405, 7691695);0,420181603954398;226;177;1970-08-14
"445";445;c(639415, 7691695);0,409972094898912;226;177;1970-08-14
"446";446;c(639425, 7691695);0,418743797430221;226;177;1970-08-14
"447";447;c(639435, 7691695);0,44416560731735;227;177;1970-08-15
"448";448;c(639445, 7691695);0,445030881433707;227;177;1970-08-15
"449";449;c(639455, 7691695);0,436663429128863;227;177;1970-08-15
"450";450;c(639465, 7691695);0,438863687282151;226;177;1970-08-14
"451";451;c(639475, 7691695);0,4514071330392;225;177;1970-08-13
"452";452;c(639485, 7691695);0,449209575273324;226;177;1970-08-14
"453";453;c(639495, 7691695);0,419554169668744;226;177;1970-08-14
"454";454;c(639505, 7691695);0,431253205656803;226;177;1970-08-14
"455";455;c(639515, 7691695);0,450664367682722;228;177;1970-08-16
"456";456;c(639175, 7691685);0,439517153603152;227;177;1970-08-15
"457";457;c(639185, 7691685);0,439616826745173;229;177;1970-08-17
"458";458;c(639195, 7691685);0,438975817142476;229;177;1970-08-17
"459";459;c(639205, 7691685);0,412182296798081;226;177;1970-08-14
"460";460;c(639215, 7691685);0,408455426494135;229;177;1970-08-17
"461";461;c(639225, 7691685);0,411081230982772;229;177;1970-08-17
"462";462;c(639235, 7691685);0,396785980350056;231;177;1970-08-19
"463";463;c(639245, 7691685);0,36143052233114;231;177;1970-08-19
"464";464;c(639255, 7691685);0,337231641970752;232;177;1970-08-20
"465";465;c(639265, 7691685);0,35723919512107;230;177;1970-08-18
"466";466;c(639275, 7691685);0,38877190741251;230;177;1970-08-18
"467";467;c(639285, 7691685);0,38832256426163;230;177;1970-08-18
"468";468;c(639295, 7691685);0,343192572844716;229;177;1970-08-17
"469";469;c(639305, 7691685);0,311274612680855;233;177;1970-08-21
"470";470;c(639315, 7691685);0,30445916570294;234;177;1970-08-22
"471";471;c(639325, 7691685);0,305498452734504;234;177;1970-08-22
"472";472;c(639335, 7691685);0,320353852760999;238;177;1970-08-26
"473";473;c(639345, 7691685);0,410185095225359;236;177;1970-08-24
"474";474;c(639355, 7691685);0,440786577205724;230;177;1970-08-18
"475";475;c(639365, 7691685);0,423141687364085;227;177;1970-08-15
"476";476;c(639375, 7691685);0,414157134574864;226;177;1970-08-14
"477";477;c(639385, 7691685);0,415661563245267;226;177;1970-08-14
"478";478;c(639395, 7691685);0,417499398902193;227;177;1970-08-15
"479";479;c(639405, 7691685);0,420842433502678;226;177;1970-08-14
"480";480;c(639415, 7691685);0,396044764381419;226;177;1970-08-14
"481";481;c(639425, 7691685);0,379884656203418;224;177;1970-08-12
"482";482;c(639435, 7691685);0,402646531424949;224;177;1970-08-12
"483";483;c(639445, 7691685);0,427123939603616;225;177;1970-08-13
"484";484;c(639455, 7691685);0,436756155557716;224;177;1970-08-12
"485";485;c(639465, 7691685);0,437562087238307;224;177;1970-08-12
"486";486;c(639475, 7691685);0,439493621896168;225;177;1970-08-13
"487";487;c(639485, 7691685);0,429220373221278;226;177;1970-08-14
"488";488;c(639495, 7691685);0,414811813606964;226;177;1970-08-14
"489";489;c(639505, 7691685);0,416508600273709;226;177;1970-08-14
"490";490;c(639515, 7691685);0,406985277487535;227;177;1970-08-15
"491";491;c(639175, 7691675);0,444028217153672;229;177;1970-08-17
"492";492;c(639185, 7691675);0,438871237713517;230;177;1970-08-18
"493";493;c(639195, 7691675);0,438561913912784;229;177;1970-08-17
"494";494;c(639205, 7691675);0,42913649856832;228;177;1970-08-16
"495";495;c(639215, 7691675);0,436081006491183;232;177;1970-08-20
"496";496;c(639225, 7691675);0,423149314095768;229;177;1970-08-17
"497";497;c(639235, 7691675);0,436550419829359;227;177;1970-08-15
"498";498;c(639245, 7691675);0,452647873832493;227;177;1970-08-15
"499";499;c(639255, 7691675);0,452398052033531;227;177;1970-08-15
"500";500;c(639265, 7691675);0,436200210494034;226;177;1970-08-14
"501";501;c(639275, 7691675);0,406677994608323;227;177;1970-08-15
"502";502;c(639285, 7691675);0,399432182041463;228;177;1970-08-16
"503";503;c(639295, 7691675);0,380718357936497;231;177;1970-08-19
"504";504;c(639305, 7691675);0,33778279381903;230;177;1970-08-18
"505";505;c(639315, 7691675);0,357578857246933;229;177;1970-08-17
"506";506;c(639325, 7691675);0,390323534525491;229;177;1970-08-17
"507";507;c(639335, 7691675);0,350826256554798;234;177;1970-08-22
"508";508;c(639345, 7691675);0,3498528009942;236;177;1970-08-24
"509";509;c(639355, 7691675);0,407313024967178;234;177;1970-08-22
"510";510;c(639365, 7691675);0,434793271539036;231;177;1970-08-19
"511";511;c(639375, 7691675);0,460453058464759;228;177;1970-08-16
"512";512;c(639385, 7691675);0,451776423094629;227;177;1970-08-15
"513";513;c(639395, 7691675);0,432993508309561;226;177;1970-08-14
"514";514;c(639405, 7691675);0,427205479208241;226;177;1970-08-14
"515";515;c(639415, 7691675);0,413643562881322;226;177;1970-08-14
"516";516;c(639425, 7691675);0,398061648458319;225;177;1970-08-13
"517";517;c(639435, 7691675);0,410997319422137;225;177;1970-08-13
"518";518;c(639445, 7691675);0,43991926153032;224;177;1970-08-12
"519";519;c(639455, 7691675);0,458839337355969;223;177;1970-08-11
"520";520;c(639465, 7691675);0,470347335259518;224;177;1970-08-12
"521";521;c(639475, 7691675);0,449240882561537;224;177;1970-08-12
"522";522;c(639485, 7691675);0,422116403694861;224;177;1970-08-12
"523";523;c(639495, 7691675);0,405998473977369;226;177;1970-08-14
"524";524;c(639505, 7691675);0,388966226070123;225;177;1970-08-13
"525";525;c(639515, 7691675);0,366157795074516;226;177;1970-08-14
"526";526;c(639175, 7691665);0,43364856939734;232;177;1970-08-20
"527";527;c(639185, 7691665);0,413367149980449;230;177;1970-08-18
"528";528;c(639195, 7691665);0,408410353130064;227;177;1970-08-15
"529";529;c(639205, 7691665);0,421465702826156;229;177;1970-08-17
"530";530;c(639215, 7691665);0,445354117883142;230;177;1970-08-18
"531";531;c(639225, 7691665);0,440864488971408;229;177;1970-08-17
"532";532;c(639235, 7691665);0,423898010581049;225;177;1970-08-13
"533";533;c(639245, 7691665);0,430718709596845;225;177;1970-08-13
"534";534;c(639255, 7691665);0,446667660554507;225;177;1970-08-13
"535";535;c(639265, 7691665);0,452589708122753;226;177;1970-08-14
"536";536;c(639275, 7691665);0,437079601760562;228;177;1970-08-16
"537";537;c(639285, 7691665);0,393768656034264;227;177;1970-08-15
"538";538;c(639295, 7691665);0,400377737972946;230;177;1970-08-18
"539";539;c(639305, 7691665);0,396662724791575;230;177;1970-08-18
"540";540;c(639315, 7691665);0,420361815667424;227;177;1970-08-15
"541";541;c(639325, 7691665);0,444960724018273;226;177;1970-08-14
"542";542;c(639335, 7691665);0,434352819424082;231;177;1970-08-19
"543";543;c(639345, 7691665);0,386403240824801;233;177;1970-08-21
"544";544;c(639355, 7691665);0,355989586922304;231;177;1970-08-19
"545";545;c(639365, 7691665);0,415510501089831;230;177;1970-08-18
"546";546;c(639375, 7691665);0,49866581947207;230;177;1970-08-18
"547";547;c(639385, 7691665);0,497738296389459;228;177;1970-08-16
"548";548;c(639395, 7691665);0,451607749387941;226;177;1970-08-14
"549";549;c(639405, 7691665);0,438374994230856;225;177;1970-08-13
"550";550;c(639415, 7691665);0,446340298116026;226;177;1970-08-14
"551";551;c(639425, 7691665);0,450554470675266;226;177;1970-08-14
"552";552;c(639435, 7691665);0,459092344076372;224;177;1970-08-12
"553";553;c(639445, 7691665);0,473177109707721;222;177;1970-08-10
"554";554;c(639455, 7691665);0,493770212540707;224;177;1970-08-12
"555";555;c(639465, 7691665);0,501910316365953;225;177;1970-08-13
"556";556;c(639475, 7691665);0,469870865989668;224;177;1970-08-12
"557";557;c(639485, 7691665);0,441865642452846;224;177;1970-08-12
"558";558;c(639495, 7691665);0,415728727715029;226;177;1970-08-14
"559";559;c(639505, 7691665);0,391721831718354;226;177;1970-08-14
"560";560;c(639515, 7691665);0,372326004871582;227;177;1970-08-15
"561";561;c(639175, 7691655);0,452407771956032;232;177;1970-08-20
"562";562;c(639185, 7691655);0,412767016366096;230;177;1970-08-18
"563";563;c(639195, 7691655);0,391665810035607;228;177;1970-08-16
"564";564;c(639205, 7691655);0,396858910364313;230;177;1970-08-18
"565";565;c(639215, 7691655);0,425229052131525;228;177;1970-08-16
"566";566;c(639225, 7691655);0,446328946748547;229;177;1970-08-17
"567";567;c(639235, 7691655);0,423696663425525;225;177;1970-08-13
"568";568;c(639245, 7691655);0,427709478821212;225;177;1970-08-13
"569";569;c(639255, 7691655);0,459166504796854;227;177;1970-08-15
"570";570;c(639265, 7691655);0,463884470067123;229;177;1970-08-17
"571";571;c(639275, 7691655);0,457917013757312;230;177;1970-08-18
"572";572;c(639285, 7691655);0,421047268537617;229;177;1970-08-17
"573";573;c(639295, 7691655);0,421577755208154;229;177;1970-08-17
"574";574;c(639305, 7691655);0,449401959163301;230;177;1970-08-18
"575";575;c(639315, 7691655);0,462707386315866;229;177;1970-08-17
"576";576;c(639325, 7691655);0,459057774664853;228;177;1970-08-16
"577";577;c(639335, 7691655);0,451753830500791;228;177;1970-08-16
"578";578;c(639345, 7691655);0,445163292195655;228;177;1970-08-16
"579";579;c(639355, 7691655);0,408104547001377;225;177;1970-08-13
"580";580;c(639365, 7691655);0,4222249751144;227;177;1970-08-15
"581";581;c(639375, 7691655);0,475076112009609;227;177;1970-08-15
"582";582;c(639385, 7691655);0,511572760763871;227;177;1970-08-15
"583";583;c(639395, 7691655);0,511473848150849;227;177;1970-08-15
"584";584;c(639405, 7691655);0,498615695633902;227;177;1970-08-15
"585";585;c(639415, 7691655);0,490384977029499;225;177;1970-08-13
"586";586;c(639425, 7691655);0,49114803994274;224;177;1970-08-12
"587";587;c(639435, 7691655);0,50183829440996;224;177;1970-08-12
"588";588;c(639445, 7691655);0,497672073834148;224;177;1970-08-12
"589";589;c(639455, 7691655);0,507745023893737;225;177;1970-08-13
"590";590;c(639465, 7691655);0,502292531761531;225;177;1970-08-13
"591";591;c(639475, 7691655);0,472950214562729;225;177;1970-08-13
"592";592;c(639485, 7691655);0,461542582586424;225;177;1970-08-13
"593";593;c(639495, 7691655);0,445122299397817;226;177;1970-08-14
"594";594;c(639505, 7691655);0,405544319748334;227;177;1970-08-15
"595";595;c(639515, 7691655);0,369447954596939;226;177;1970-08-14
"596";596;c(639175, 7691645);0,441552064505694;232;177;1970-08-20
"597";597;c(639185, 7691645);0,422605423009196;232;177;1970-08-20
"598";598;c(639195, 7691645);0,418422681647639;231;177;1970-08-19
"599";599;c(639205, 7691645);0,41202387692421;232;177;1970-08-20
"600";600;c(639215, 7691645);0,421246295686317;228;177;1970-08-16
"601";601;c(639225, 7691645);0,411860697913522;227;177;1970-08-15
"602";602;c(639235, 7691645);0,420399095694778;225;177;1970-08-13
"603";603;c(639245, 7691645);0,455687096198574;229;177;1970-08-17
"604";604;c(639255, 7691645);0,471273450814627;230;177;1970-08-18
"605";605;c(639265, 7691645);0,454396143143124;231;177;1970-08-19
"606";606;c(639275, 7691645);0,441498334437522;229;177;1970-08-17
"607";607;c(639285, 7691645);0,442413926037557;230;177;1970-08-18
"608";608;c(639295, 7691645);0,448580209258145;231;177;1970-08-19
"609";609;c(639305, 7691645);0,427693281997114;230;177;1970-08-18
"610";610;c(639315, 7691645);0,433011754746966;227;177;1970-08-15
"611";611;c(639325, 7691645);0,456288542221713;227;177;1970-08-15
"612";612;c(639335, 7691645);0,464916447550649;228;177;1970-08-16
"613";613;c(639345, 7691645);0,45591306488803;227;177;1970-08-15
"614";614;c(639355, 7691645);0,429893189632426;226;177;1970-08-14
"615";615;c(639365, 7691645);0,436277837856157;227;177;1970-08-15
"616";616;c(639375, 7691645);0,439494892952794;225;177;1970-08-13
"617";617;c(639385, 7691645);0,474644861517839;226;177;1970-08-14
"618";618;c(639395, 7691645);0,525672943457776;228;177;1970-08-16
"619";619;c(639405, 7691645);0,53896805157471;228;177;1970-08-16
"620";620;c(639415, 7691645);0,53541884657548;228;177;1970-08-16
"621";621;c(639425, 7691645);0,532020973106435;227;177;1970-08-15
"622";622;c(639435, 7691645);0,51777979827115;227;177;1970-08-15
"623";623;c(639445, 7691645);0,492520245984893;226;177;1970-08-14
"624";624;c(639455, 7691645);0,486218548158685;225;177;1970-08-13
"625";625;c(639465, 7691645);0,489744040793969;225;177;1970-08-13
"626";626;c(639475, 7691645);0,482294860145491;224;177;1970-08-12
"627";627;c(639485, 7691645);0,480798748374649;224;177;1970-08-12
"628";628;c(639495, 7691645);0,479233308675755;224;177;1970-08-12
"629";629;c(639505, 7691645);0,449288910306212;225;177;1970-08-13
"630";630;c(639515, 7691645);0,404985326796441;225;177;1970-08-13
"631";631;c(639175, 7691635);0,421438808995799;234;177;1970-08-22
"632";632;c(639185, 7691635);0,407219418184557;233;177;1970-08-21
"633";633;c(639195, 7691635);0,40963147414485;233;177;1970-08-21
"634";634;c(639205, 7691635);0,400710871985911;232;177;1970-08-20
"635";635;c(639215, 7691635);0,405265610945599;229;177;1970-08-17
"636";636;c(639225, 7691635);0,391865479689358;228;177;1970-08-16
"637";637;c(639235, 7691635);0,399786966217231;229;177;1970-08-17
"638";638;c(639245, 7691635);0,430892011747872;230;177;1970-08-18
"639";639;c(639255, 7691635);0,419620461526407;230;177;1970-08-18
"640";640;c(639265, 7691635);0,40496243184098;229;177;1970-08-17
"641";641;c(639275, 7691635);0,42594775950719;227;177;1970-08-15
"642";642;c(639285, 7691635);0,451974018353727;230;177;1970-08-18
"643";643;c(639295, 7691635);0,466484363548805;231;177;1970-08-19
"644";644;c(639305, 7691635);0,446619834785837;229;177;1970-08-17
"645";645;c(639315, 7691635);0,411580776295975;225;177;1970-08-13
"646";646;c(639325, 7691635);0,41553063482906;223;177;1970-08-11
"647";647;c(639335, 7691635);0,44124869016689;226;177;1970-08-14
"648";648;c(639345, 7691635);0,436679359448265;227;177;1970-08-15
"649";649;c(639355, 7691635);0,423051785337862;226;177;1970-08-14
"650";650;c(639365, 7691635);0,436086764169513;226;177;1970-08-14
"651";651;c(639375, 7691635);0,432124090740358;225;177;1970-08-13
"652";652;c(639385, 7691635);0,435324833313589;225;177;1970-08-13
"653";653;c(639395, 7691635);0,48049986566688;228;177;1970-08-16
"654";654;c(639405, 7691635);0,501550572491489;229;177;1970-08-17
"655";655;c(639415, 7691635);0,51358339873587;230;177;1970-08-18
"656";656;c(639425, 7691635);0,511006381927923;230;177;1970-08-18
"657";657;c(639435, 7691635);0,499731024815034;231;177;1970-08-19
"658";658;c(639445, 7691635);0,482862099636782;230;177;1970-08-18
"659";659;c(639455, 7691635);0,477731440870794;227;177;1970-08-15
"660";660;c(639465, 7691635);0,50105940488678;225;177;1970-08-13
"661";661;c(639475, 7691635);0,517731105709589;225;177;1970-08-13
"662";662;c(639485, 7691635);0,507861270875601;223;177;1970-08-11
"663";663;c(639495, 7691635);0,507787476528705;222;177;1970-08-10
"664";664;c(639505, 7691635);0,495544328739536;222;177;1970-08-10
"665";665;c(639515, 7691635);0,45780467659364;224;177;1970-08-12
"666";666;c(639175, 7691625);0,406885757271416;234;177;1970-08-22
"667";667;c(639185, 7691625);0,371746979720711;233;177;1970-08-21
"668";668;c(639195, 7691625);0,363505584010173;233;177;1970-08-21
"669";669;c(639205, 7691625);0,354639307843002;232;177;1970-08-20
"670";670;c(639215, 7691625);0,363410062853574;230;177;1970-08-18
"671";671;c(639225, 7691625);0,368160364933945;230;177;1970-08-18
"672";672;c(639235, 7691625);0,376089337644988;230;177;1970-08-18
"673";673;c(639245, 7691625);0,406106493582264;230;177;1970-08-18
"674";674;c(639255, 7691625);0,405727207072815;230;177;1970-08-18
"675";675;c(639265, 7691625);0,384371191623094;227;177;1970-08-15
"676";676;c(639275, 7691625);0,406326180686023;227;177;1970-08-15
"677";677;c(639285, 7691625);0,442610727873497;229;177;1970-08-17
"678";678;c(639295, 7691625);0,469505359447105;230;177;1970-08-18
"679";679;c(639305, 7691625);0,492773729416653;228;177;1970-08-16
"680";680;c(639315, 7691625);0,452806686323099;226;177;1970-08-14
"681";681;c(639325, 7691625);0,412059167626581;224;177;1970-08-12
"682";682;c(639335, 7691625);0,427672211703681;225;177;1970-08-13
"683";683;c(639345, 7691625);0,434881074578034;227;177;1970-08-15
"684";684;c(639355, 7691625);0,42370762695457;225;177;1970-08-13
"685";685;c(639365, 7691625);0,436518364780916;225;177;1970-08-13
"686";686;c(639375, 7691625);0,437402791735328;225;177;1970-08-13
"687";687;c(639385, 7691625);0,420288527181108;225;177;1970-08-13
"688";688;c(639395, 7691625);0,423055165586386;225;177;1970-08-13
"689";689;c(639405, 7691625);0,425593939619169;227;177;1970-08-15
"690";690;c(639415, 7691625);0,452496028250713;228;177;1970-08-16
"691";691;c(639425, 7691625);0,476209725638481;229;177;1970-08-17
"692";692;c(639435, 7691625);0,477696793288917;231;177;1970-08-19
"693";693;c(639445, 7691625);0,480903926587041;231;177;1970-08-19
"694";694;c(639455, 7691625);0,486962647224009;230;177;1970-08-18
"695";695;c(639465, 7691625);0,498976747465462;228;177;1970-08-16
"696";696;c(639475, 7691625);0,524944762735304;227;177;1970-08-15
"697";697;c(639485, 7691625);0,515732758640177;224;177;1970-08-12
"698";698;c(639495, 7691625);0,519755926830024;222;177;1970-08-10
"699";699;c(639505, 7691625);0,511465382635788;223;177;1970-08-11
"700";700;c(639515, 7691625);0,490762144345481;223;177;1970-08-11
"701";701;c(639175, 7691615);0,357440939554022;232;177;1970-08-20
"702";702;c(639185, 7691615);0,337577056410773;233;177;1970-08-21
"703";703;c(639195, 7691615);0,343699381032651;232;177;1970-08-20
"704";704;c(639205, 7691615);0,353442544220636;231;177;1970-08-19
"705";705;c(639215, 7691615);0,354680348801157;231;177;1970-08-19
"706";706;c(639225, 7691615);0,348326900178893;232;177;1970-08-20
"707";707;c(639235, 7691615);0,35605548848475;231;177;1970-08-19
"708";708;c(639245, 7691615);0,361024047427941;229;177;1970-08-17
"709";709;c(639255, 7691615);0,382926749138507;230;177;1970-08-18
"710";710;c(639265, 7691615);0,389382359014257;227;177;1970-08-15
"711";711;c(639275, 7691615);0,412424302983623;227;177;1970-08-15
"712";712;c(639285, 7691615);0,452266810546868;230;177;1970-08-18
"713";713;c(639295, 7691615);0,453715661406086;229;177;1970-08-17
"714";714;c(639305, 7691615);0,479170574436498;226;177;1970-08-14
"715";715;c(639315, 7691615);0,47947680664884;225;177;1970-08-13
"716";716;c(639325, 7691615);0,448174676597702;225;177;1970-08-13
"717";717;c(639335, 7691615);0,431688427545134;225;177;1970-08-13
"718";718;c(639345, 7691615);0,442630618583062;227;177;1970-08-15
"719";719;c(639355, 7691615);0,44472439797414;227;177;1970-08-15
"720";720;c(639365, 7691615);0,455908085436803;227;177;1970-08-15
"721";721;c(639375, 7691615);0,460191576399932;226;177;1970-08-14
"722";722;c(639385, 7691615);0,438463054659735;227;177;1970-08-15
"723";723;c(639395, 7691615);0,414295143060943;224;177;1970-08-12
"724";724;c(639405, 7691615);0,404162202024327;226;177;1970-08-14
"725";725;c(639415, 7691615);0,4208582344837;227;177;1970-08-15
"726";726;c(639425, 7691615);0,450233817076448;227;177;1970-08-15
"727";727;c(639435, 7691615);0,47117813293334;228;177;1970-08-16
"728";728;c(639445, 7691615);0,469379673152472;231;177;1970-08-19
"729";729;c(639455, 7691615);0,462912231138788;232;177;1970-08-20
"730";730;c(639465, 7691615);0,478159739188764;230;177;1970-08-18
"731";731;c(639475, 7691615);0,520533044086954;227;177;1970-08-15
"732";732;c(639485, 7691615);0,509926486301047;225;177;1970-08-13
"733";733;c(639495, 7691615);0,508348454750916;224;177;1970-08-12
"734";734;c(639505, 7691615);0,501129584912368;223;177;1970-08-11
"735";735;c(639515, 7691615);0,501796930743001;221;177;1970-08-09
"736";736;c(639175, 7691605);0,345362669846709;231;177;1970-08-19
"737";737;c(639185, 7691605);0,341366918436651;233;177;1970-08-21
"738";738;c(639195, 7691605);0,351362801929699;232;177;1970-08-20
"739";739;c(639205, 7691605);0,378303710133277;231;177;1970-08-19
"740";740;c(639215, 7691605);0,387992286589868;231;177;1970-08-19
"741";741;c(639225, 7691605);0,364827563125521;231;177;1970-08-19
"742";742;c(639235, 7691605);0,342216384853564;231;177;1970-08-19
"743";743;c(639245, 7691605);0,328534774312071;229;177;1970-08-17
"744";744;c(639255, 7691605);0,329936681797102;227;177;1970-08-15
"745";745;c(639265, 7691605);0,364665256664107;226;177;1970-08-14
"746";746;c(639275, 7691605);0,413894372417389;229;177;1970-08-17
"747";747;c(639285, 7691605);0,43027781274451;231;177;1970-08-19
"748";748;c(639295, 7691605);0,39628358283746;227;177;1970-08-15
"749";749;c(639305, 7691605);0,426725785972036;224;177;1970-08-12
"750";750;c(639315, 7691605);0,480886753384787;225;177;1970-08-13
"751";751;c(639325, 7691605);0,487088477254046;226;177;1970-08-14
"752";752;c(639335, 7691605);0,452702752412128;227;177;1970-08-15
"753";753;c(639345, 7691605);0,441144249360674;226;177;1970-08-14
"754";754;c(639355, 7691605);0,449749328066871;225;177;1970-08-13
"755";755;c(639365, 7691605);0,464145357953267;227;177;1970-08-15
"756";756;c(639375, 7691605);0,472674290326535;226;177;1970-08-14
"757";757;c(639385, 7691605);0,454384097360698;225;177;1970-08-13
"758";758;c(639395, 7691605);0,426441385134026;225;177;1970-08-13
"759";759;c(639405, 7691605);0,403711488107893;224;177;1970-08-12
"760";760;c(639415, 7691605);0,395605988147576;224;177;1970-08-12
"761";761;c(639425, 7691605);0,425302883077431;226;177;1970-08-14
"762";762;c(639435, 7691605);0,468627365287925;225;177;1970-08-13
"763";763;c(639445, 7691605);0,474083246084718;229;177;1970-08-17
"764";764;c(639455, 7691605);0,455491305990421;232;177;1970-08-20
"765";765;c(639465, 7691605);0,489425235703812;228;177;1970-08-16
"766";766;c(639475, 7691605);0,519661067225749;227;177;1970-08-15
"767";767;c(639485, 7691605);0,505062317201949;227;177;1970-08-15
"768";768;c(639495, 7691605);0,496386434519465;225;177;1970-08-13
"769";769;c(639505, 7691605);0,488965006404993;224;177;1970-08-12
"770";770;c(639515, 7691605);0,495259228949904;223;177;1970-08-11
"771";771;c(639175, 7691595);0,36384068280525;233;177;1970-08-21
"772";772;c(639185, 7691595);0,353449660676813;233;177;1970-08-21
"773";773;c(639195, 7691595);0,356395661046818;234;177;1970-08-22
"774";774;c(639205, 7691595);0,35069681962794;231;177;1970-08-19
"775";775;c(639215, 7691595);0,370577057273703;228;177;1970-08-16
"776";776;c(639225, 7691595);0,392765103679292;230;177;1970-08-18
"777";777;c(639235, 7691595);0,399977078965517;228;177;1970-08-16
"778";778;c(639245, 7691595);0,398578015436865;229;177;1970-08-17
"779";779;c(639255, 7691595);0,382611989760877;230;177;1970-08-18
"780";780;c(639265, 7691595);0,369898973745413;230;177;1970-08-18
"781";781;c(639275, 7691595);0,381840154212985;230;177;1970-08-18
"782";782;c(639285, 7691595);0,393401372203426;229;177;1970-08-17
"783";783;c(639295, 7691595);0,390786005243854;228;177;1970-08-16
"784";784;c(639305, 7691595);0,397467423094036;224;177;1970-08-12
"785";785;c(639315, 7691595);0,460422684304199;225;177;1970-08-13
"786";786;c(639325, 7691595);0,492809875033315;226;177;1970-08-14
"787";787;c(639335, 7691595);0,478629103596371;227;177;1970-08-15
"788";788;c(639345, 7691595);0,47248752091667;226;177;1970-08-14
"789";789;c(639355, 7691595);0,461259186524166;226;177;1970-08-14
"790";790;c(639365, 7691595);0,437375721898047;226;177;1970-08-14
"791";791;c(639375, 7691595);0,443498255552782;225;177;1970-08-13
"792";792;c(639385, 7691595);0,454221392997007;224;177;1970-08-12
"793";793;c(639395, 7691595);0,428971797673769;225;177;1970-08-13
"794";794;c(639405, 7691595);0,389570737139468;225;177;1970-08-13
"795";795;c(639415, 7691595);0,388080536365868;227;177;1970-08-15
"796";796;c(639425, 7691595);0,413257846847724;225;177;1970-08-13
"797";797;c(639435, 7691595);0,468523470392398;226;177;1970-08-14
"798";798;c(639445, 7691595);0,488593767738573;229;177;1970-08-17
"799";799;c(639455, 7691595);0,484107578830674;228;177;1970-08-16
"800";800;c(639465, 7691595);0,514413059750197;226;177;1970-08-14
"801";801;c(639475, 7691595);0,526645834169302;228;177;1970-08-16
"802";802;c(639485, 7691595);0,497969764055008;228;177;1970-08-16
"803";803;c(639495, 7691595);0,481548748771308;226;177;1970-08-14
"804";804;c(639505, 7691595);0,487096766439177;227;177;1970-08-15
"805";805;c(639515, 7691595);0,493185574664682;227;177;1970-08-15
"806";806;c(639175, 7691585);0,362608679668486;233;177;1970-08-21
"807";807;c(639185, 7691585);0,338943529805456;230;177;1970-08-18
"808";808;c(639195, 7691585);0,357965149488817;233;177;1970-08-21
"809";809;c(639205, 7691585);0,365420540567976;230;177;1970-08-18
"810";810;c(639215, 7691585);0,376258021203722;227;177;1970-08-15
"811";811;c(639225, 7691585);0,382496249680768;228;177;1970-08-16
"812";812;c(639235, 7691585);0,409108135859667;229;177;1970-08-17
"813";813;c(639245, 7691585);0,431873091672812;231;177;1970-08-19
"814";814;c(639255, 7691585);0,41642345716406;231;177;1970-08-19
"815";815;c(639265, 7691585);0,36267461468454;231;177;1970-08-19
"816";816;c(639275, 7691585);0,326146340100628;229;177;1970-08-17
"817";817;c(639285, 7691585);0,359200791233673;225;177;1970-08-13
"818";818;c(639295, 7691585);0,40825106616437;227;177;1970-08-15
"819";819;c(639305, 7691585);0,412274929329335;225;177;1970-08-13
"820";820;c(639315, 7691585);0,449974386537755;226;177;1970-08-14
"821";821;c(639325, 7691585);0,483173035171331;226;177;1970-08-14
"822";822;c(639335, 7691585);0,487993359321208;226;177;1970-08-14
"823";823;c(639345, 7691585);0,489954079116266;227;177;1970-08-15
"824";824;c(639355, 7691585);0,459611153164752;226;177;1970-08-14
"825";825;c(639365, 7691585);0,428284263955034;224;177;1970-08-12
"826";826;c(639375, 7691585);0,424431722087661;223;177;1970-08-11
"827";827;c(639385, 7691585);0,440079379700218;225;177;1970-08-13
"828";828;c(639395, 7691585);0,431337101855389;228;177;1970-08-16
"829";829;c(639405, 7691585);0,380562919128489;228;177;1970-08-16
"830";830;c(639415, 7691585);0,362078926782942;226;177;1970-08-14
"831";831;c(639425, 7691585);0,374606545235577;222;177;1970-08-10
"832";832;c(639435, 7691585);0,425446320709759;224;177;1970-08-12
"833";833;c(639445, 7691585);0,48786113661315;228;177;1970-08-16
"834";834;c(639455, 7691585);0,527698644649438;228;177;1970-08-16
"835";835;c(639465, 7691585);0,537999738462324;227;177;1970-08-15
"836";836;c(639475, 7691585);0,534944441634477;227;177;1970-08-15
"837";837;c(639485, 7691585);0,509105723439748;229;177;1970-08-17
"838";838;c(639495, 7691585);0,484564647290736;227;177;1970-08-15
"839";839;c(639505, 7691585);0,480714769354555;226;177;1970-08-14
"840";840;c(639515, 7691585);0,469912855794473;227;177;1970-08-15
"841";841;c(639175, 7691575);0,328548190156784;230;177;1970-08-18
"842";842;c(639185, 7691575);0,306986194292521;229;177;1970-08-17
"843";843;c(639195, 7691575);0,321137658672355;230;177;1970-08-18
"844";844;c(639205, 7691575);0,366777506331993;228;177;1970-08-16
"845";845;c(639215, 7691575);0,40485006506813;229;177;1970-08-17
"846";846;c(639225, 7691575);0,410587989964345;229;177;1970-08-17
"847";847;c(639235, 7691575);0,429464079433381;231;177;1970-08-19
"848";848;c(639245, 7691575);0,407710600100516;231;177;1970-08-19
"849";849;c(639255, 7691575);0,367459894869549;230;177;1970-08-18
"850";850;c(639265, 7691575);0,342309168975277;228;177;1970-08-16
"851";851;c(639275, 7691575);0,335784845335904;227;177;1970-08-15
"852";852;c(639285, 7691575);0,343063611678093;226;177;1970-08-14
"853";853;c(639295, 7691575);0,381629907166999;227;177;1970-08-15
"854";854;c(639305, 7691575);0,41894508948564;226;177;1970-08-14
"855";855;c(639315, 7691575);0,452312582956498;227;177;1970-08-15
"856";856;c(639325, 7691575);0,474803348852697;227;177;1970-08-15
"857";857;c(639335, 7691575);0,477384887908512;227;177;1970-08-15
"858";858;c(639345, 7691575);0,471196760262398;225;177;1970-08-13
"859";859;c(639355, 7691575);0,45441863710515;225;177;1970-08-13
"860";860;c(639365, 7691575);0,434896795454698;225;177;1970-08-13
"861";861;c(639375, 7691575);0,423376049051534;223;177;1970-08-11
"862";862;c(639385, 7691575);0,436018864559536;228;177;1970-08-16
"863";863;c(639395, 7691575);0,426277118606289;229;177;1970-08-17
"864";864;c(639405, 7691575);0,389041239812254;228;177;1970-08-16
"865";865;c(639415, 7691575);0,373262071016114;224;177;1970-08-12
"866";866;c(639425, 7691575);0,373989334864164;223;177;1970-08-11
"867";867;c(639435, 7691575);0,388711201371974;224;177;1970-08-12
"868";868;c(639445, 7691575);0,428469391365923;228;177;1970-08-16
"869";869;c(639455, 7691575);0,473646390448444;228;177;1970-08-16
"870";870;c(639465, 7691575);0,509196047791125;227;177;1970-08-15
"871";871;c(639475, 7691575);0,547641679871424;227;177;1970-08-15
"872";872;c(639485, 7691575);0,55636426489257;229;177;1970-08-17
"873";873;c(639495, 7691575);0,523402884287002;228;177;1970-08-16
"874";874;c(639505, 7691575);0,494099808938545;228;177;1970-08-16
"875";875;c(639515, 7691575);0,468525165432784;227;177;1970-08-15
"876";876;c(639175, 7691565);0,311515761758118;228;177;1970-08-16
"877";877;c(639185, 7691565);0,302133278295587;230;177;1970-08-18
"878";878;c(639195, 7691565);0,319589327013751;228;177;1970-08-16
"879";879;c(639205, 7691565);0,361697312370973;225;177;1970-08-13
"880";880;c(639215, 7691565);0,412521232685717;229;177;1970-08-17
"881";881;c(639225, 7691565);0,444961274856147;231;177;1970-08-19
"882";882;c(639235, 7691565);0,43695656867563;231;177;1970-08-19
"883";883;c(639245, 7691565);0,387111332032954;229;177;1970-08-17
"884";884;c(639255, 7691565);0,35644739944579;227;177;1970-08-15
"885";885;c(639265, 7691565);0,350782935671986;226;177;1970-08-14
"886";886;c(639275, 7691565);0,35510730450492;227;177;1970-08-15
"887";887;c(639285, 7691565);0,325137481047249;226;177;1970-08-14
"888";888;c(639295, 7691565);0,325192358927351;226;177;1970-08-14
"889";889;c(639305, 7691565);0,386404336549619;225;177;1970-08-13
"890";890;c(639315, 7691565);0,447573261049782;227;177;1970-08-15
"891";891;c(639325, 7691565);0,460958937356832;227;177;1970-08-15
"892";892;c(639335, 7691565);0,452035689010676;226;177;1970-08-14
"893";893;c(639345, 7691565);0,459392007533257;224;177;1970-08-12
"894";894;c(639355, 7691565);0,458280608894112;226;177;1970-08-14
"895";895;c(639365, 7691565);0,415775559692682;226;177;1970-08-14
"896";896;c(639375, 7691565);0,40412440656016;226;177;1970-08-14
"897";897;c(639385, 7691565);0,421726783954912;230;177;1970-08-18
"898";898;c(639395, 7691565);0,430057828814021;230;177;1970-08-18
"899";899;c(639405, 7691565);0,438479983441273;227;177;1970-08-15
"900";900;c(639415, 7691565);0,418445706505286;224;177;1970-08-12
"901";901;c(639425, 7691565);0,386688155145786;224;177;1970-08-12
"902";902;c(639435, 7691565);0,372350771130377;226;177;1970-08-14
"903";903;c(639445, 7691565);0,329737742148572;227;177;1970-08-15
"904";904;c(639455, 7691565);0,347736100814369;224;177;1970-08-12
"905";905;c(639465, 7691565);0,434587235583668;223;177;1970-08-11
"906";906;c(639475, 7691565);0,524504298645815;227;177;1970-08-15
"907";907;c(639485, 7691565);0,564257012757345;228;177;1970-08-16
"908";908;c(639495, 7691565);0,55502976941268;229;177;1970-08-17
"909";909;c(639505, 7691565);0,526689849673149;230;177;1970-08-18
"910";910;c(639515, 7691565);0,489247627098571;228;177;1970-08-16
"911";911;c(639175, 7691555);0,325339359897585;231;177;1970-08-19
"912";912;c(639185, 7691555);0,32565118144065;229;177;1970-08-17
"913";913;c(639195, 7691555);0,372878290918752;229;177;1970-08-17
"914";914;c(639205, 7691555);0,382087579599693;229;177;1970-08-17
"915";915;c(639215, 7691555);0,384281690653512;232;177;1970-08-20
"916";916;c(639225, 7691555);0,384326138249141;231;177;1970-08-19
"917";917;c(639235, 7691555);0,379165261045413;231;177;1970-08-19
"918";918;c(639245, 7691555);0,372789699507689;229;177;1970-08-17
"919";919;c(639255, 7691555);0,391691190817967;228;177;1970-08-16
"920";920;c(639265, 7691555);0,388132548908479;225;177;1970-08-13
"921";921;c(639275, 7691555);0,386907284644192;226;177;1970-08-14
"922";922;c(639285, 7691555);0,360161032016322;226;177;1970-08-14
"923";923;c(639295, 7691555);0,334828549582038;225;177;1970-08-13
"924";924;c(639305, 7691555);0,378098085631064;223;177;1970-08-11
"925";925;c(639315, 7691555);0,450185223874438;226;177;1970-08-14
"926";926;c(639325, 7691555);0,436211743304556;227;177;1970-08-15
"927";927;c(639335, 7691555);0,406979308264843;224;177;1970-08-12
"928";928;c(639345, 7691555);0,435305819923648;223;177;1970-08-11
"929";929;c(639355, 7691555);0,445975058371925;225;177;1970-08-13
"930";930;c(639365, 7691555);0,409476068254944;226;177;1970-08-14
"931";931;c(639375, 7691555);0,402303374484401;230;177;1970-08-18
"932";932;c(639385, 7691555);0,394462551119734;229;177;1970-08-17
"933";933;c(639395, 7691555);0,414669618832521;227;177;1970-08-15
"934";934;c(639405, 7691555);0,464010148922839;225;177;1970-08-13
"935";935;c(639415, 7691555);0,449227388572523;225;177;1970-08-13
"936";936;c(639425, 7691555);0,411012860202344;225;177;1970-08-13
"937";937;c(639435, 7691555);0,390234551156449;225;177;1970-08-13
"938";938;c(639445, 7691555);0,338402180713595;225;177;1970-08-13
"939";939;c(639455, 7691555);0,33808654250012;219;177;1970-08-07
"940";940;c(639465, 7691555);0,392132995078211;221;177;1970-08-09
"941";941;c(639475, 7691555);0,478849116733211;225;177;1970-08-13
"942";942;c(639485, 7691555);0,548199365336208;227;177;1970-08-15
"943";943;c(639495, 7691555);0,544233725782193;229;177;1970-08-17
"944";944;c(639505, 7691555);0,527054925677412;230;177;1970-08-18
"945";945;c(639515, 7691555);0,507786199128498;230;177;1970-08-18
"946";946;c(639175, 7691545);0,332440157094449;232;177;1970-08-20
"947";947;c(639185, 7691545);0,31917775266227;228;177;1970-08-16
"948";948;c(639195, 7691545);0,36737692654484;231;177;1970-08-19
"949";949;c(639205, 7691545);0,373182279894594;233;177;1970-08-21
"950";950;c(639215, 7691545);0,338074363705049;233;177;1970-08-21
"951";951;c(639225, 7691545);0,318393643840306;228;177;1970-08-16
"952";952;c(639235, 7691545);0,33495398862824;228;177;1970-08-16
"953";953;c(639245, 7691545);0,333575369442133;228;177;1970-08-16
"954";954;c(639255, 7691545);0,35545247319577;226;177;1970-08-14
"955";955;c(639265, 7691545);0,380643365032273;224;177;1970-08-12
"956";956;c(639275, 7691545);0,404891108119257;225;177;1970-08-13
"957";957;c(639285, 7691545);0,406334628463113;226;177;1970-08-14
"958";958;c(639295, 7691545);0,380673809955531;226;177;1970-08-14
"959";959;c(639305, 7691545);0,390501361983457;223;177;1970-08-11
"960";960;c(639315, 7691545);0,438780331591186;224;177;1970-08-12
"961";961;c(639325, 7691545);0,440979922171864;225;177;1970-08-13
"962";962;c(639335, 7691545);0,422348923017112;226;177;1970-08-14
"963";963;c(639345, 7691545);0,414335007719491;226;177;1970-08-14
"964";964;c(639355, 7691545);0,402164851446198;226;177;1970-08-14
"965";965;c(639365, 7691545);0,384914187804741;227;177;1970-08-15
"966";966;c(639375, 7691545);0,389355944492755;230;177;1970-08-18
"967";967;c(639385, 7691545);0,376216017732282;230;177;1970-08-18
"968";968;c(639395, 7691545);0,395250371170094;225;177;1970-08-13
"969";969;c(639405, 7691545);0,460138416956481;224;177;1970-08-12
"970";970;c(639415, 7691545);0,458068809271958;225;177;1970-08-13
"971";971;c(639425, 7691545);0,438215411022686;224;177;1970-08-12
"972";972;c(639435, 7691545);0,429209998757424;223;177;1970-08-11
"973";973;c(639445, 7691545);0,404875927844828;222;177;1970-08-10
"974";974;c(639455, 7691545);0,406100362764161;219;177;1970-08-07
"975";975;c(639465, 7691545);0,437147098754845;221;177;1970-08-09
"976";976;c(639475, 7691545);0,495262266715179;225;177;1970-08-13
"977";977;c(639485, 7691545);0,53263473933004;227;177;1970-08-15
"978";978;c(639495, 7691545);0,521548393470861;228;177;1970-08-16
"979";979;c(639505, 7691545);0,524846716251509;228;177;1970-08-16
"980";980;c(639515, 7691545);0,526854887605882;229;177;1970-08-17
"981";981;c(639175, 7691535);0,287795032399361;231;177;1970-08-19
"982";982;c(639185, 7691535);0,295931647777851;231;177;1970-08-19
"983";983;c(639195, 7691535);0,327871208451931;232;177;1970-08-20
"984";984;c(639205, 7691535);0,325648138709317;232;177;1970-08-20
"985";985;c(639215, 7691535);0,296354324366928;230;177;1970-08-18
"986";986;c(639225, 7691535);0,34817947095279;224;177;1970-08-12
"987";987;c(639235, 7691535);0,378526405688694;226;177;1970-08-14
"988";988;c(639245, 7691535);0,339677092436511;224;177;1970-08-12
"989";989;c(639255, 7691535);0,327793888642571;224;177;1970-08-12
"990";990;c(639265, 7691535);0,346791770646693;224;177;1970-08-12
"991";991;c(639275, 7691535);0,38765858613577;224;177;1970-08-12
"992";992;c(639285, 7691535);0,416128775548892;226;177;1970-08-14
"993";993;c(639295, 7691535);0,40516792487768;225;177;1970-08-13
"994";994;c(639305, 7691535);0,40630124719821;226;177;1970-08-14
"995";995;c(639315, 7691535);0,425635019554435;226;177;1970-08-14
"996";996;c(639325, 7691535);0,431915392761891;227;177;1970-08-15
"997";997;c(639335, 7691535);0,422219337796451;229;177;1970-08-17
"998";998;c(639345, 7691535);0,390683471762193;230;177;1970-08-18
"999";999;c(639355, 7691535);0,363308113106055;227;177;1970-08-15
"1000";1000;c(639365, 7691535);0,364628496703116;228;177;1970-08-16
"1001";1001;c(639375, 7691535);0,365221238025856;229;177;1970-08-17
"1002";1002;c(639385, 7691535);0,353067615591039;227;177;1970-08-15
"1003";1003;c(639395, 7691535);0,386708263115942;222;177;1970-08-10
"1004";1004;c(639405, 7691535);0,45846668568345;224;177;1970-08-12
"1005";1005;c(639415, 7691535);0,468286242344274;224;177;1970-08-12
"1006";1006;c(639425, 7691535);0,459398825325145;222;177;1970-08-10
"1007";1007;c(639435, 7691535);0,470053928609654;222;177;1970-08-10
"1008";1008;c(639445, 7691535);0,466950722726714;221;177;1970-08-09
"1009";1009;c(639455, 7691535);0,462010888219407;221;177;1970-08-09
"1010";1010;c(639465, 7691535);0,481533175019748;222;177;1970-08-10
"1011";1011;c(639475, 7691535);0,523171641774538;226;177;1970-08-14
"1012";1012;c(639485, 7691535);0,533394596523119;228;177;1970-08-16
"1013";1013;c(639495, 7691535);0,521110430032642;228;177;1970-08-16
"1014";1014;c(639505, 7691535);0,54224297195805;227;177;1970-08-15
"1015";1015;c(639515, 7691535);0,559653763618101;229;177;1970-08-17
"1016";1016;c(639175, 7691525);0,270853219791983;230;177;1970-08-18
"1017";1017;c(639185, 7691525);0,28456834164195;233;177;1970-08-21
"1018";1018;c(639195, 7691525);0,27322041348054;232;177;1970-08-20
"1019";1019;c(639205, 7691525);0,285028602023839;228;177;1970-08-16
"1020";1020;c(639215, 7691525);0,317861074428618;227;177;1970-08-15
"1021";1021;c(639225, 7691525);0,385924206693224;226;177;1970-08-14
"1022";1022;c(639235, 7691525);0,424922871597834;226;177;1970-08-14
"1023";1023;c(639245, 7691525);0,403046962018113;227;177;1970-08-15
"1024";1024;c(639255, 7691525);0,378303012186864;228;177;1970-08-16
"1025";1025;c(639265, 7691525);0,352962431183181;226;177;1970-08-14
"1026";1026;c(639275, 7691525);0,356825039299667;224;177;1970-08-12
"1027";1027;c(639285, 7691525);0,3969629982677;226;177;1970-08-14
"1028";1028;c(639295, 7691525);0,392160425599262;229;177;1970-08-17
"1029";1029;c(639305, 7691525);0,38248545383084;230;177;1970-08-18
"1030";1030;c(639315, 7691525);0,372162634601439;228;177;1970-08-16
"1031";1031;c(639325, 7691525);0,378583758702542;229;177;1970-08-17
"1032";1032;c(639335, 7691525);0,382620616301;230;177;1970-08-18
"1033";1033;c(639345, 7691525);0,356620758288388;230;177;1970-08-18
"1034";1034;c(639355, 7691525);0,347323465034019;228;177;1970-08-16
"1035";1035;c(639365, 7691525);0,345939238779928;229;177;1970-08-17
"1036";1036;c(639375, 7691525);0,334474883583977;227;177;1970-08-15
"1037";1037;c(639385, 7691525);0,377667869012167;222;177;1970-08-10
"1038";1038;c(639395, 7691525);0,413291074338845;221;177;1970-08-09
"1039";1039;c(639405, 7691525);0,444519169769609;223;177;1970-08-11
"1040";1040;c(639415, 7691525);0,465936778209755;223;177;1970-08-11
"1041";1041;c(639425, 7691525);0,47119400078751;222;177;1970-08-10
"1042";1042;c(639435, 7691525);0,478704676090971;221;177;1970-08-09
"1043";1043;c(639445, 7691525);0,475558223784884;221;177;1970-08-09
"1044";1044;c(639455, 7691525);0,466076157880422;221;177;1970-08-09
"1045";1045;c(639465, 7691525);0,471536626635079;221;177;1970-08-09
"1046";1046;c(639475, 7691525);0,508677998653292;226;177;1970-08-14
"1047";1047;c(639485, 7691525);0,529384272962069;229;177;1970-08-17
"1048";1048;c(639495, 7691525);0,529385569005791;228;177;1970-08-16
"1049";1049;c(639505, 7691525);0,560012213464336;228;177;1970-08-16
"1050";1050;c(639515, 7691525);0,570440529115387;228;177;1970-08-16
"1051";1051;c(639175, 7691515);0,267794056397555;231;177;1970-08-19
"1052";1052;c(639185, 7691515);0,281175413769035;230;177;1970-08-18
"1053";1053;c(639195, 7691515);0,261000037428772;229;177;1970-08-17
"1054";1054;c(639205, 7691515);0,275811982957584;221;177;1970-08-09
"1055";1055;c(639215, 7691515);0,3426680047434;227;177;1970-08-15
"1056";1056;c(639225, 7691515);0,362653056780055;226;177;1970-08-14
"1057";1057;c(639235, 7691515);0,406298050506489;226;177;1970-08-14
"1058";1058;c(639245, 7691515);0,413756602146328;228;177;1970-08-16
"1059";1059;c(639255, 7691515);0,387350025172978;228;177;1970-08-16
"1060";1060;c(639265, 7691515);0,355325618803915;226;177;1970-08-14
"1061";1061;c(639275, 7691515);0,34460358573166;223;177;1970-08-11
"1062";1062;c(639285, 7691515);0,361663141685386;227;177;1970-08-15
"1063";1063;c(639295, 7691515);0,333886236437993;230;177;1970-08-18
"1064";1064;c(639305, 7691515);0,315085473666484;230;177;1970-08-18
"1065";1065;c(639315, 7691515);0,287369023530938;228;177;1970-08-16
"1066";1066;c(639325, 7691515);0,306726134269317;228;177;1970-08-16
"1067";1067;c(639335, 7691515);0,325678719038747;228;177;1970-08-16
"1068";1068;c(639345, 7691515);0,344739208714284;226;177;1970-08-14
"1069";1069;c(639355, 7691515);0,357353556800932;226;177;1970-08-14
"1070";1070;c(639365, 7691515);0,350659299700682;227;177;1970-08-15
"1071";1071;c(639375, 7691515);0,33327110558848;221;177;1970-08-09
"1072";1072;c(639385, 7691515);0,417893612041988;220;177;1970-08-08
"1073";1073;c(639395, 7691515);0,448115811402281;222;177;1970-08-10
"1074";1074;c(639405, 7691515);0,438384341611709;224;177;1970-08-12
"1075";1075;c(639415, 7691515);0,44202494363574;223;177;1970-08-11
"1076";1076;c(639425, 7691515);0,463478729200949;222;177;1970-08-10
"1077";1077;c(639435, 7691515);0,481597014665054;222;177;1970-08-10
"1078";1078;c(639445, 7691515);0,483944104162715;222;177;1970-08-10
"1079";1079;c(639455, 7691515);0,474376791330184;221;177;1970-08-09
"1080";1080;c(639465, 7691515);0,466767106034024;221;177;1970-08-09
"1081";1081;c(639475, 7691515);0,505167529495961;227;177;1970-08-15
"1082";1082;c(639485, 7691515);0,534532186434397;229;177;1970-08-17
"1083";1083;c(639495, 7691515);0,535374687812193;228;177;1970-08-16
"1084";1084;c(639505, 7691515);0,553629912610694;228;177;1970-08-16
"1085";1085;c(639515, 7691515);0,557305424258592;229;177;1970-08-17
"1086";1086;c(639175, 7691505);0,284475341158993;231;177;1970-08-19
"1087";1087;c(639185, 7691505);0,330648651219624;227;177;1970-08-15
"1088";1088;c(639195, 7691505);0,359182863405471;230;177;1970-08-18
"1089";1089;c(639205, 7691505);0,360497620959946;230;177;1970-08-18
"1090";1090;c(639215, 7691505);0,373438517157306;231;177;1970-08-19
"1091";1091;c(639225, 7691505);0,358141439188371;230;177;1970-08-18
"1092";1092;c(639235, 7691505);0,391799415042376;230;177;1970-08-18
"1093";1093;c(639245, 7691505);0,390190717333224;230;177;1970-08-18
"1094";1094;c(639255, 7691505);0,356298043447188;227;177;1970-08-15
"1095";1095;c(639265, 7691505);0,346447246212664;227;177;1970-08-15
"1096";1096;c(639275, 7691505);0,336663809554542;225;177;1970-08-13
"1097";1097;c(639285, 7691505);0,340471876148367;229;177;1970-08-17
"1098";1098;c(639295, 7691505);0,301254847959341;230;177;1970-08-18
"1099";1099;c(639305, 7691505);0,294703425426197;227;177;1970-08-15
"1100";1100;c(639315, 7691505);0,275871321570612;225;177;1970-08-13
"1101";1101;c(639325, 7691505);0,294192618434262;222;177;1970-08-10
"1102";1102;c(639335, 7691505);0,349696622064543;222;177;1970-08-10
"1103";1103;c(639345, 7691505);0,419291466966899;223;177;1970-08-11
"1104";1104;c(639355, 7691505);0,427839373944575;224;177;1970-08-12
"1105";1105;c(639365, 7691505);0,406665048498275;225;177;1970-08-13
"1106";1106;c(639375, 7691505);0,383375906578012;224;177;1970-08-12
"1107";1107;c(639385, 7691505);0,421966008423003;222;177;1970-08-10
"1108";1108;c(639395, 7691505);0,4539118241551;224;177;1970-08-12
"1109";1109;c(639405, 7691505);0,44100025068236;225;177;1970-08-13
"1110";1110;c(639415, 7691505);0,430052784182337;224;177;1970-08-12
"1111";1111;c(639425, 7691505);0,443812324409907;223;177;1970-08-11
"1112";1112;c(639435, 7691505);0,466891555433334;222;177;1970-08-10
"1113";1113;c(639445, 7691505);0,476162489689098;223;177;1970-08-11
"1114";1114;c(639455, 7691505);0,472514543046048;223;177;1970-08-11
"1115";1115;c(639465, 7691505);0,472123440276963;224;177;1970-08-12
"1116";1116;c(639475, 7691505);0,520177576226816;227;177;1970-08-15
"1117";1117;c(639485, 7691505);0,556955589509029;229;177;1970-08-17
"1118";1118;c(639495, 7691505);0,544937114626787;230;177;1970-08-18
"1119";1119;c(639505, 7691505);0,541016160206643;230;177;1970-08-18
"1120";1120;c(639515, 7691505);0,534527067029265;229;177;1970-08-17
"1121";1121;c(639175, 7691495);0,276997900527499;228;177;1970-08-16
"1122";1122;c(639185, 7691495);0,316356023925026;225;177;1970-08-13
"1123";1123;c(639195, 7691495);0,338622214664439;231;177;1970-08-19
"1124";1124;c(639205, 7691495);0,328323517717817;231;177;1970-08-19
"1125";1125;c(639215, 7691495);0,329493903458086;230;177;1970-08-18
"1126";1126;c(639225, 7691495);0,325113597447076;229;177;1970-08-17
"1127";1127;c(639235, 7691495);0,355731743275464;231;177;1970-08-19
"1128";1128;c(639245, 7691495);0,315941332794187;231;177;1970-08-19
"1129";1129;c(639255, 7691495);0,29764108685525;226;177;1970-08-14
"1130";1130;c(639265, 7691495);0,327272047323347;227;177;1970-08-15
"1131";1131;c(639275, 7691495);0,310448689186622;228;177;1970-08-16
"1132";1132;c(639285, 7691495);0,289612436397966;228;177;1970-08-16
"1133";1133;c(639295, 7691495);0,255745318178555;228;177;1970-08-16
"1134";1134;c(639305, 7691495);0,296067978763942;221;177;1970-08-09
"1135";1135;c(639315, 7691495);0,359640412065695;224;177;1970-08-12
"1136";1136;c(639325, 7691495);0,364392421063144;223;177;1970-08-11
"1137";1137;c(639335, 7691495);0,39329319126773;223;177;1970-08-11
"1138";1138;c(639345, 7691495);0,44046989279425;224;177;1970-08-12
"1139";1139;c(639355, 7691495);0,450038779864871;225;177;1970-08-13
"1140";1140;c(639365, 7691495);0,422673188156762;226;177;1970-08-14
"1141";1141;c(639375, 7691495);0,399986115732612;223;177;1970-08-11
"1142";1142;c(639385, 7691495);0,431574697838632;222;177;1970-08-10
"1143";1143;c(639395, 7691495);0,445621982832646;226;177;1970-08-14
"1144";1144;c(639405, 7691495);0,43624117410708;223;177;1970-08-11
"1145";1145;c(639415, 7691495);0,438143020878413;224;177;1970-08-12
"1146";1146;c(639425, 7691495);0,433285812453069;224;177;1970-08-12
"1147";1147;c(639435, 7691495);0,449765913200411;222;177;1970-08-10
"1148";1148;c(639445, 7691495);0,463636265117807;222;177;1970-08-10
"1149";1149;c(639455, 7691495);0,463808419912889;223;177;1970-08-11
"1150";1150;c(639465, 7691495);0,479613007690292;228;177;1970-08-16
"1151";1151;c(639475, 7691495);0,515760989498413;230;177;1970-08-18
"1152";1152;c(639485, 7691495);0,534919116542728;230;177;1970-08-18
"1153";1153;c(639495, 7691495);0,51926535335641;228;177;1970-08-16
"1154";1154;c(639505, 7691495);0,518739977821323;229;177;1970-08-17
"1155";1155;c(639515, 7691495);0,526630358774732;229;177;1970-08-17
"1156";1156;c(639175, 7691485);0,299164802758764;230;177;1970-08-18
"1157";1157;c(639185, 7691485);0,281248026618488;230;177;1970-08-18
"1158";1158;c(639195, 7691485);0,243096401107495;232;177;1970-08-20
"1159";1159;c(639205, 7691485);0,209127714738211;228;177;1970-08-16
"1160";1160;c(639215, 7691485);0,251124101370111;226;177;1970-08-14
"1161";1161;c(639225, 7691485);0,307197587277291;230;177;1970-08-18
"1162";1162;c(639235, 7691485);0,305498927045505;231;177;1970-08-19
"1163";1163;c(639245, 7691485);0,24611040436878;230;177;1970-08-18
"1164";1164;c(639255, 7691485);0,242953299230064;221;177;1970-08-09
"1165";1165;c(639265, 7691485);0,289347717651032;229;177;1970-08-17
"1166";1166;c(639275, 7691485);0,273951182294922;228;177;1970-08-16
"1167";1167;c(639285, 7691485);0,275566857242812;226;177;1970-08-14
"1168";1168;c(639295, 7691485);0,251267532999065;220;177;1970-08-08
"1169";1169;c(639305, 7691485);0,305370719950324;218;177;1970-08-06
"1170";1170;c(639315, 7691485);0,375586506739246;223;177;1970-08-11
"1171";1171;c(639325, 7691485);0,377163225561122;223;177;1970-08-11
"1172";1172;c(639335, 7691485);0,398363721792759;223;177;1970-08-11
"1173";1173;c(639345, 7691485);0,440785562118318;224;177;1970-08-12
"1174";1174;c(639355, 7691485);0,423858279221539;225;177;1970-08-13
"1175";1175;c(639365, 7691485);0,410753612068804;227;177;1970-08-15
"1176";1176;c(639375, 7691485);0,402760067834245;224;177;1970-08-12
"1177";1177;c(639385, 7691485);0,423659814434257;226;177;1970-08-14
"1178";1178;c(639395, 7691485);0,4146680837252;225;177;1970-08-13
"1179";1179;c(639405, 7691485);0,431747546038552;223;177;1970-08-11
"1180";1180;c(639415, 7691485);0,460159241876965;224;177;1970-08-12
"1181";1181;c(639425, 7691485);0,446677891799495;224;177;1970-08-12
"1182";1182;c(639435, 7691485);0,458626770869275;222;177;1970-08-10
"1183";1183;c(639445, 7691485);0,481531431246641;225;177;1970-08-13
"1184";1184;c(639455, 7691485);0,464436280777808;228;177;1970-08-16
"1185";1185;c(639465, 7691485);0,434906359544126;228;177;1970-08-16
"1186";1186;c(639475, 7691485);0,471983405574375;229;177;1970-08-17
"1187";1187;c(639485, 7691485);0,496848550785798;228;177;1970-08-16
"1188";1188;c(639495, 7691485);0,488219978649583;226;177;1970-08-14
"1189";1189;c(639505, 7691485);0,498931160737225;227;177;1970-08-15
"1190";1190;c(639515, 7691485);0,517021694432791;229;177;1970-08-17
"1191";1191;c(639175, 7691475);0,249046280442902;226;177;1970-08-14
"1192";1192;c(639185, 7691475);0,283916173175721;230;177;1970-08-18
"1193";1193;c(639195, 7691475);0,214913594697526;230;177;1970-08-18
"1194";1194;c(639205, 7691475);0,161551652686274;225;177;1970-08-13
"1195";1195;c(639215, 7691475);0,210193077677546;221;177;1970-08-09
"1196";1196;c(639225, 7691475);0,276840595571139;228;177;1970-08-16
"1197";1197;c(639235, 7691475);0,264169408451488;228;177;1970-08-16
"1198";1198;c(639245, 7691475);0,247418118018614;228;177;1970-08-16
"1199";1199;c(639255, 7691475);0,243777377589713;224;177;1970-08-12
"1200";1200;c(639265, 7691475);0,23315015689307;228;177;1970-08-16
"1201";1201;c(639275, 7691475);0,260459352160874;221;177;1970-08-09
"1202";1202;c(639285, 7691475);0,335284984142561;224;177;1970-08-12
"1203";1203;c(639295, 7691475);0,329287594591625;221;177;1970-08-09
"1204";1204;c(639305, 7691475);0,371639842241946;221;177;1970-08-09
"1205";1205;c(639315, 7691475);0,396884480475283;224;177;1970-08-12
"1206";1206;c(639325, 7691475);0,372789741601483;225;177;1970-08-13
"1207";1207;c(639335, 7691475);0,348871534304798;220;177;1970-08-08
"1208";1208;c(639345, 7691475);0,406690771846081;222;177;1970-08-10
"1209";1209;c(639355, 7691475);0,399706064862613;226;177;1970-08-14
"1210";1210;c(639365, 7691475);0,366888996719248;228;177;1970-08-16
"1211";1211;c(639375, 7691475);0,377379783875606;227;177;1970-08-15
"1212";1212;c(639385, 7691475);0,384794588486506;228;177;1970-08-16
"1213";1213;c(639395, 7691475);0,374776656701997;225;177;1970-08-13
"1214";1214;c(639405, 7691475);0,416570170737723;223;177;1970-08-11
"1215";1215;c(639415, 7691475);0,475729634862704;225;177;1970-08-13
"1216";1216;c(639425, 7691475);0,487238060760991;227;177;1970-08-15
"1217";1217;c(639435, 7691475);0,477983027816791;226;177;1970-08-14
"1218";1218;c(639445, 7691475);0,47438306321602;228;177;1970-08-16
"1219";1219;c(639455, 7691475);0,427736273361293;229;177;1970-08-17
"1220";1220;c(639465, 7691475);0,39766253343137;226;177;1970-08-14
"1221";1221;c(639475, 7691475);0,465789568147155;224;177;1970-08-12
"1222";1222;c(639485, 7691475);0,480353971388653;225;177;1970-08-13
"1223";1223;c(639495, 7691475);0,473265955078586;223;177;1970-08-11
"1224";1224;c(639505, 7691475);0,48666500346869;224;177;1970-08-12
"1225";1225;c(639515, 7691475);0,514238054221886;228;177;1970-08-16
"1226";1226;c(639175, 7691465);0,229190843967021;222;177;1970-08-10
"1227";1227;c(639185, 7691465);0,303817016534301;228;177;1970-08-16
"1228";1228;c(639195, 7691465);0,271756443179225;231;177;1970-08-19
"1229";1229;c(639205, 7691465);0,211587165488695;230;177;1970-08-18
"1230";1230;c(639215, 7691465);0,226144391274593;224;177;1970-08-12
"1231";1231;c(639225, 7691465);0,282733321746671;227;177;1970-08-15
"1232";1232;c(639235, 7691465);0,284085002833779;226;177;1970-08-14
"1233";1233;c(639245, 7691465);0,278385015523774;226;177;1970-08-14
"1234";1234;c(639255, 7691465);0,260093475531847;230;177;1970-08-18
"1235";1235;c(639265, 7691465);0,18482179038335;227;177;1970-08-15
"1236";1236;c(639275, 7691465);0,249617890458615;218;177;1970-08-06
"1237";1237;c(639285, 7691465);0,367176059036261;221;177;1970-08-09
"1238";1238;c(639295, 7691465);0,377797175949473;223;177;1970-08-11
"1239";1239;c(639305, 7691465);0,398635732729246;224;177;1970-08-12
"1240";1240;c(639315, 7691465);0,400828628280878;225;177;1970-08-13
"1241";1241;c(639325, 7691465);0,369048690366944;225;177;1970-08-13
"1242";1242;c(639335, 7691465);0,359852164392058;223;177;1970-08-11
"1243";1243;c(639345, 7691465);0,415431488029196;226;177;1970-08-14
"1244";1244;c(639355, 7691465);0,417835832518786;229;177;1970-08-17
"1245";1245;c(639365, 7691465);0,34432076648465;229;177;1970-08-17
"1246";1246;c(639375, 7691465);0,339405810587374;229;177;1970-08-17
"1247";1247;c(639385, 7691465);0,331944427623406;227;177;1970-08-15
"1248";1248;c(639395, 7691465);0,345073166825828;227;177;1970-08-15
"1249";1249;c(639405, 7691465);0,382944144615947;228;177;1970-08-16
"1250";1250;c(639415, 7691465);0,431746726025526;227;177;1970-08-15
"1251";1251;c(639425, 7691465);0,453512338795861;228;177;1970-08-16
"1252";1252;c(639435, 7691465);0,452315005609917;228;177;1970-08-16
"1253";1253;c(639445, 7691465);0,425165352090198;229;177;1970-08-17
"1254";1254;c(639455, 7691465);0,388094889933033;228;177;1970-08-16
"1255";1255;c(639465, 7691465);0,417910594891972;223;177;1970-08-11
"1256";1256;c(639475, 7691465);0,494305540697627;224;177;1970-08-12
"1257";1257;c(639485, 7691465);0,49050043782636;225;177;1970-08-13
"1258";1258;c(639495, 7691465);0,461387124331193;223;177;1970-08-11
"1259";1259;c(639505, 7691465);0,462691195010265;223;177;1970-08-11
"1260";1260;c(639515, 7691465);0,489877435835699;226;177;1970-08-14
"1261";1261;c(639175, 7691455);0,223409538209771;228;177;1970-08-16
"1262";1262;c(639185, 7691455);0,260658091644615;229;177;1970-08-17
"1263";1263;c(639195, 7691455);0,26249553606191;229;177;1970-08-17
"1264";1264;c(639205, 7691455);0,257430879338666;230;177;1970-08-18
"1265";1265;c(639215, 7691455);0,248189801289628;231;177;1970-08-19
"1266";1266;c(639225, 7691455);0,268221487422977;226;177;1970-08-14
"1267";1267;c(639235, 7691455);0,306025616706615;227;177;1970-08-15
"1268";1268;c(639245, 7691455);0,296233220196616;228;177;1970-08-16
"1269";1269;c(639255, 7691455);0,244127265796681;232;177;1970-08-20
"1270";1270;c(639265, 7691455);0,16515171901002;227;177;1970-08-15
"1271";1271;c(639275, 7691455);0,259266012768329;218;177;1970-08-06
"1272";1272;c(639285, 7691455);0,383068019170882;224;177;1970-08-12
"1273";1273;c(639295, 7691455);0,393483125921723;226;177;1970-08-14
"1274";1274;c(639305, 7691455);0,404453514852338;227;177;1970-08-15
"1275";1275;c(639315, 7691455);0,385777717611217;228;177;1970-08-16
"1276";1276;c(639325, 7691455);0,336109367209998;229;177;1970-08-17
"1277";1277;c(639335, 7691455);0,312958798408573;228;177;1970-08-16
"1278";1278;c(639345, 7691455);0,32735336769213;231;177;1970-08-19
"1279";1279;c(639355, 7691455);0,322302377026247;232;177;1970-08-20
"1280";1280;c(639365, 7691455);0,277433267200232;229;177;1970-08-17
"1281";1281;c(639375, 7691455);0,259519446302197;229;177;1970-08-17
"1282";1282;c(639385, 7691455);0,244192527730078;227;177;1970-08-15
"1283";1283;c(639395, 7691455);0,259133561955945;228;177;1970-08-16
"1284";1284;c(639405, 7691455);0,271265092825443;229;177;1970-08-17
"1285";1285;c(639415, 7691455);0,28001139631855;227;177;1970-08-15
"1286";1286;c(639425, 7691455);0,325199555656066;227;177;1970-08-15
"1287";1287;c(639435, 7691455);0,3687245080282;227;177;1970-08-15
"1288";1288;c(639445, 7691455);0,37439971114594;226;177;1970-08-14
"1289";1289;c(639455, 7691455);0,380349947997052;223;177;1970-08-11
"1290";1290;c(639465, 7691455);0,423654733928748;223;177;1970-08-11
"1291";1291;c(639475, 7691455);0,49229162660074;224;177;1970-08-12
"1292";1292;c(639485, 7691455);0,509382855647959;225;177;1970-08-13
"1293";1293;c(639495, 7691455);0,482727482307489;225;177;1970-08-13
"1294";1294;c(639505, 7691455);0,465554298981054;224;177;1970-08-12
"1295";1295;c(639515, 7691455);0,472044063512254;226;177;1970-08-14
"1296";1296;c(639175, 7691445);0,195572183280299;231;177;1970-08-19
"1297";1297;c(639185, 7691445);0,205221326195955;230;177;1970-08-18
"1298";1298;c(639195, 7691445);0,229697257496358;228;177;1970-08-16
"1299";1299;c(639205, 7691445);0,221501274803359;231;177;1970-08-19
"1300";1300;c(639215, 7691445);0,187570942178038;230;177;1970-08-18
"1301";1301;c(639225, 7691445);0,200753291293363;227;177;1970-08-15
"1302";1302;c(639235, 7691445);0,265775585210174;229;177;1970-08-17
"1303";1303;c(639245, 7691445);0,278376805302579;230;177;1970-08-18
"1304";1304;c(639255, 7691445);0,239841257539823;230;177;1970-08-18
"1305";1305;c(639265, 7691445);0,180007413987075;224;177;1970-08-12
"1306";1306;c(639275, 7691445);0,26795744144482;221;177;1970-08-09
"1307";1307;c(639285, 7691445);0,378699000946269;225;177;1970-08-13
"1308";1308;c(639295, 7691445);0,379278661620101;228;177;1970-08-16
"1309";1309;c(639305, 7691445);0,352398082933421;230;177;1970-08-18
"1310";1310;c(639315, 7691445);0,318200077264522;231;177;1970-08-19
"1311";1311;c(639325, 7691445);0,277896373402464;231;177;1970-08-19
"1312";1312;c(639335, 7691445);0,23903269171338;230;177;1970-08-18
"1313";1313;c(639345, 7691445);0,220654289771667;229;177;1970-08-17
"1314";1314;c(639355, 7691445);0,24079023571175;229;177;1970-08-17
"1315";1315;c(639365, 7691445);0,278370427061;227;177;1970-08-15
"1316";1316;c(639375, 7691445);0,27136597618106;225;177;1970-08-13
"1317";1317;c(639385, 7691445);0,249411104631496;226;177;1970-08-14
"1318";1318;c(639395, 7691445);0,235688475960287;230;177;1970-08-18
"1319";1319;c(639405, 7691445);0,201864112119186;230;177;1970-08-18
"1320";1320;c(639415, 7691445);0,169985817988369;227;177;1970-08-15
"1321";1321;c(639425, 7691445);0,198963910518267;225;177;1970-08-13
"1322";1322;c(639435, 7691445);0,2637457297946;227;177;1970-08-15
"1323";1323;c(639445, 7691445);0,320548937334507;226;177;1970-08-14
"1324";1324;c(639455, 7691445);0,370412129989184;225;177;1970-08-13
"1325";1325;c(639465, 7691445);0,427909507282563;225;177;1970-08-13
"1326";1326;c(639475, 7691445);0,48281823052194;224;177;1970-08-12
"1327";1327;c(639485, 7691445);0,515221176185931;225;177;1970-08-13
"1328";1328;c(639495, 7691445);0,500162007051205;226;177;1970-08-14
"1329";1329;c(639505, 7691445);0,475119895108975;225;177;1970-08-13
"1330";1330;c(639515, 7691445);0,473243576867413;224;177;1970-08-12
"1331";1331;c(639175, 7691435);0,18658337639017;234;177;1970-08-22
"1332";1332;c(639185, 7691435);0,138191709867997;229;177;1970-08-17
"1333";1333;c(639195, 7691435);0,192898948125565;226;177;1970-08-14
"1334";1334;c(639205, 7691435);0,221819218481887;230;177;1970-08-18
"1335";1335;c(639215, 7691435);0,202524366436195;230;177;1970-08-18
"1336";1336;c(639225, 7691435);0,215866648132986;235;177;1970-08-23
"1337";1337;c(639235, 7691435);0,231018291850854;232;177;1970-08-20
"1338";1338;c(639245, 7691435);0,231142574031065;231;177;1970-08-19
"1339";1339;c(639255, 7691435);0,251040477462044;228;177;1970-08-16
"1340";1340;c(639265, 7691435);0,267070923568829;227;177;1970-08-15
"1341";1341;c(639275, 7691435);0,299346894947978;229;177;1970-08-17
"1342";1342;c(639285, 7691435);0,326493718447689;231;177;1970-08-19
"1343";1343;c(639295, 7691435);0,296982442276038;232;177;1970-08-20
"1344";1344;c(639305, 7691435);0,245176715044776;234;177;1970-08-22
"1345";1345;c(639315, 7691435);0,208798292065964;234;177;1970-08-22
"1346";1346;c(639325, 7691435);0,203961163835751;229;177;1970-08-17
"1347";1347;c(639335, 7691435);0,249683312964954;227;177;1970-08-15
"1348";1348;c(639345, 7691435);0,304226762170874;223;177;1970-08-11
"1349";1349;c(639355, 7691435);0,36196061136556;226;177;1970-08-14
"1350";1350;c(639365, 7691435);0,355811767755417;226;177;1970-08-14
"1351";1351;c(639375, 7691435);0,328052735671388;228;177;1970-08-16
"1352";1352;c(639385, 7691435);0,289696208285479;227;177;1970-08-15
"1353";1353;c(639395, 7691435);0,266388977200945;230;177;1970-08-18
"1354";1354;c(639405, 7691435);0,218722671956997;230;177;1970-08-18
"1355";1355;c(639415, 7691435);0,17376120849199;225;177;1970-08-13
"1356";1356;c(639425, 7691435);0,171827019404168;227;177;1970-08-15
"1357";1357;c(639435, 7691435);0,192269404647864;228;177;1970-08-16
"1358";1358;c(639445, 7691435);0,228523983849434;225;177;1970-08-13
"1359";1359;c(639455, 7691435);0,293766833391958;226;177;1970-08-14
"1360";1360;c(639465, 7691435);0,379519617549019;226;177;1970-08-14
"1361";1361;c(639475, 7691435);0,450019343674917;227;177;1970-08-15
"1362";1362;c(639485, 7691435);0,503137985323132;226;177;1970-08-14
"1363";1363;c(639495, 7691435);0,504016505759044;227;177;1970-08-15
"1364";1364;c(639505, 7691435);0,469585489330812;224;177;1970-08-12
"1365";1365;c(639515, 7691435);0,481787571111945;224;177;1970-08-12
"1366";1366;c(639175, 7691425);0,134377224726129;233;177;1970-08-21
"1367";1367;c(639185, 7691425);0,0969515022062099;217;177;1970-08-05
"1368";1368;c(639195, 7691425);0,169380540499944;223;177;1970-08-11
"1369";1369;c(639205, 7691425);0,231406586388383;228;177;1970-08-16
"1370";1370;c(639215, 7691425);0,246462288672715;232;177;1970-08-20
"1371";1371;c(639225, 7691425);0,228686043403855;234;177;1970-08-22
"1372";1372;c(639235, 7691425);0,175449216542802;230;177;1970-08-18
"1373";1373;c(639245, 7691425);0,166501753268156;230;177;1970-08-18
"1374";1374;c(639255, 7691425);0,193953777060257;227;177;1970-08-15
"1375";1375;c(639265, 7691425);0,248939917825401;233;177;1970-08-21
"1376";1376;c(639275, 7691425);0,261618099178065;233;177;1970-08-21
"1377";1377;c(639285, 7691425);0,231711452207164;235;177;1970-08-23
"1378";1378;c(639295, 7691425);0,171748480559834;235;177;1970-08-23
"1379";1379;c(639305, 7691425);0,147674361528092;236;177;1970-08-24
"1380";1380;c(639315, 7691425);0,137661117346853;230;177;1970-08-18
"1381";1381;c(639325, 7691425);0,16801662536969;224;177;1970-08-12
"1382";1382;c(639335, 7691425);0,252889718508408;226;177;1970-08-14
"1383";1383;c(639345, 7691425);0,333970012688914;227;177;1970-08-15
"1384";1384;c(639355, 7691425);0,368696359346026;229;177;1970-08-17
"1385";1385;c(639365, 7691425);0,338359770151677;227;177;1970-08-15
"1386";1386;c(639375, 7691425);0,314091805788457;229;177;1970-08-17
"1387";1387;c(639385, 7691425);0,262017321227793;228;177;1970-08-16
"1388";1388;c(639395, 7691425);0,247986311185384;229;177;1970-08-17
"1389";1389;c(639405, 7691425);0,231688059834557;228;177;1970-08-16
"1390";1390;c(639415, 7691425);0,21545511688954;227;177;1970-08-15
"1391";1391;c(639425, 7691425);0,204295102385426;229;177;1970-08-17
"1392";1392;c(639435, 7691425);0,185596771263972;229;177;1970-08-17
"1393";1393;c(639445, 7691425);0,17045385725293;227;177;1970-08-15
"1394";1394;c(639455, 7691425);0,207157296990143;226;177;1970-08-14
"1395";1395;c(639465, 7691425);0,283932900606072;226;177;1970-08-14
"1396";1396;c(639475, 7691425);0,365611420794485;228;177;1970-08-16
"1397";1397;c(639485, 7691425);0,458315880175464;226;177;1970-08-14
"1398";1398;c(639495, 7691425);0,500805427632381;227;177;1970-08-15
"1399";1399;c(639505, 7691425);0,460112035551312;225;177;1970-08-13
"1400";1400;c(639515, 7691425);0,482092040070554;223;177;1970-08-11
"1401";1401;c(639175, 7691415);0,120364580632862;232;177;1970-08-20
"1402";1402;c(639185, 7691415);0,128097954250165;222;177;1970-08-10
"1403";1403;c(639195, 7691415);0,213588895937021;223;177;1970-08-11
"1404";1404;c(639205, 7691415);0,264145177856432;230;177;1970-08-18
"1405";1405;c(639215, 7691415);0,260465263573558;235;177;1970-08-23
"1406";1406;c(639225, 7691415);0,195254594548818;232;177;1970-08-20
"1407";1407;c(639235, 7691415);0,170676036165803;231;177;1970-08-19
"1408";1408;c(639245, 7691415);0,150831803306235;234;177;1970-08-22
"1409";1409;c(639255, 7691415);0,126797836324568;230;177;1970-08-18
"1410";1410;c(639265, 7691415);0,159504469559352;233;177;1970-08-21
"1411";1411;c(639275, 7691415);0,164143981353069;234;177;1970-08-22
"1412";1412;c(639285, 7691415);0,1311680504616;234;177;1970-08-22
"1413";1413;c(639295, 7691415);0,119958378784085;233;177;1970-08-21
"1414";1414;c(639305, 7691415);0,152199305435956;227;177;1970-08-15
"1415";1415;c(639315, 7691415);0,154582314493788;222;177;1970-08-10
"1416";1416;c(639325, 7691415);0,187011938459206;221;177;1970-08-09
"1417";1417;c(639335, 7691415);0,217630678885276;227;177;1970-08-15
"1418";1418;c(639345, 7691415);0,231826704573745;227;177;1970-08-15
"1419";1419;c(639355, 7691415);0,259662197305705;225;177;1970-08-13
"1420";1420;c(639365, 7691415);0,292429749531775;223;177;1970-08-11
"1421";1421;c(639375, 7691415);0,303097747166363;226;177;1970-08-14
"1422";1422;c(639385, 7691415);0,244016934951147;225;177;1970-08-13
"1423";1423;c(639395, 7691415);0,238832979124133;226;177;1970-08-14
"1424";1424;c(639405, 7691415);0,242193383125394;227;177;1970-08-15
"1425";1425;c(639415, 7691415);0,227050191935213;228;177;1970-08-16
"1426";1426;c(639425, 7691415);0,198135368501721;229;177;1970-08-17
"1427";1427;c(639435, 7691415);0,159654315883293;224;177;1970-08-12
"1428";1428;c(639445, 7691415);0,159906628650594;226;177;1970-08-14
"1429";1429;c(639455, 7691415);0,174188933463513;227;177;1970-08-15
"1430";1430;c(639465, 7691415);0,191945893971465;225;177;1970-08-13
"1431";1431;c(639475, 7691415);0,240871621652212;224;177;1970-08-12
"1432";1432;c(639485, 7691415);0,379598023796173;223;177;1970-08-11
"1433";1433;c(639495, 7691415);0,495782187584945;227;177;1970-08-15
"1434";1434;c(639505, 7691415);0,473173585609707;227;177;1970-08-15
"1435";1435;c(639515, 7691415);0,487046339016216;225;177;1970-08-13
"1436";1436;c(639175, 7691405);0,196059911997931;234;177;1970-08-22
"1437";1437;c(639185, 7691405);0,193833991635521;226;177;1970-08-14
"1438";1438;c(639195, 7691405);0,272122965723846;229;177;1970-08-17
"1439";1439;c(639205, 7691405);0,301199039603501;233;177;1970-08-21
"1440";1440;c(639215, 7691405);0,247699719868013;235;177;1970-08-23
"1441";1441;c(639225, 7691405);0,197075396165349;231;177;1970-08-19
"1442";1442;c(639235, 7691405);0,178053237132563;233;177;1970-08-21
"1443";1443;c(639245, 7691405);0,105521689369663;231;177;1970-08-19
"1444";1444;c(639255, 7691405);0,086288343621291;230;177;1970-08-18
"1445";1445;c(639265, 7691405);0,115332914656583;230;177;1970-08-18
"1446";1446;c(639275, 7691405);0,120858945234016;226;177;1970-08-14
"1447";1447;c(639285, 7691405);0,127595940970397;222;177;1970-08-10
"1448";1448;c(639295, 7691405);0,146760483338994;227;177;1970-08-15
"1449";1449;c(639305, 7691405);0,221241999441869;223;177;1970-08-11
"1450";1450;c(639315, 7691405);0,24374789515367;226;177;1970-08-14
"1451";1451;c(639325, 7691405);0,248339011652063;224;177;1970-08-12
"1452";1452;c(639335, 7691405);0,212185578265453;228;177;1970-08-16
"1453";1453;c(639345, 7691405);0,208876791616103;217;177;1970-08-05
"1454";1454;c(639355, 7691405);0,296723114679085;220;177;1970-08-08
"1455";1455;c(639365, 7691405);0,359568978386042;218;177;1970-08-06
"1456";1456;c(639375, 7691405);0,363656232389199;223;177;1970-08-11
"1457";1457;c(639385, 7691405);0,288684778737056;224;177;1970-08-12
"1458";1458;c(639395, 7691405);0,27052971143942;224;177;1970-08-12
"1459";1459;c(639405, 7691405);0,251017578235644;229;177;1970-08-17
"1460";1460;c(639415, 7691405);0,202191065344505;230;177;1970-08-18
"1461";1461;c(639425, 7691405);0,152762030374563;228;177;1970-08-16
"1462";1462;c(639435, 7691405);0,119961895481503;222;177;1970-08-10
"1463";1463;c(639445, 7691405);0,150598668534963;223;177;1970-08-11
"1464";1464;c(639455, 7691405);0,1774475522282;223;177;1970-08-11
"1465";1465;c(639465, 7691405);0,188148871010893;224;177;1970-08-12
"1466";1466;c(639475, 7691405);0,203123340127762;221;177;1970-08-09
"1467";1467;c(639485, 7691405);0,319683159103685;220;177;1970-08-08
"1468";1468;c(639495, 7691405);0,460681376866499;227;177;1970-08-15
"1469";1469;c(639505, 7691405);0,475795783690737;228;177;1970-08-16
"1470";1470;c(639515, 7691405);0,485362083446441;226;177;1970-08-14
