X,Y,id,ndvi.max,ndvi.max.doy
639175,7691815,"1",0.18074768429616,205
639185,7691815,"2",0.25760546410056,222
639195,7691815,"3",0.311119212510176,240
639205,7691815,"4",0.385489096277452,228
639215,7691815,"5",0.420798785000186,242
639225,7691815,"6",0.435373053588051,226
639235,7691815,"7",0.499153548090155,230
639245,7691815,"8",0.447333634451563,234
639255,7691815,"9",0.470098159664682,215
639265,7691815,"10",0.494849484680303,238
639275,7691815,"11",0.477042012869271,205
639285,7691815,"12",0.488575261623345,231
639295,7691815,"13",0.480914881052027,227
639305,7691815,"14",0.456593224942403,222
639315,7691815,"15",0.435456631468655,220
639325,7691815,"16",0.418195381101752,199
639335,7691815,"17",0.457849155008454,232
639345,7691815,"18",0.408666037253591,220
639355,7691815,"19",0.408499666433393,223
639365,7691815,"20",0.402284884943123,222
639375,7691815,"21",0.390940198609006,242
639385,7691815,"22",0.346750127391741,205
639395,7691815,"23",0.369513679154719,212
639405,7691815,"24",0.338263792571805,265
639415,7691815,"25",0.343365306437803,216
639425,7691815,"26",0.354857863334192,208
639435,7691815,"27",0.379333488640301,223
639445,7691815,"28",0.425575151528827,207
639455,7691815,"29",0.404501938305309,206
639465,7691815,"30",0.433535513934188,209
639475,7691815,"31",0.477914871313598,229
639485,7691815,"32",0.529132210896997,225
639495,7691815,"33",0.517075019200308,232
639505,7691815,"34",0.504578105719686,196
639515,7691815,"35",0.49592009127552,222
639175,7691805,"36",0.199801194892975,237
639185,7691805,"37",0.226350227049005,233
639195,7691805,"38",0.220878624380005,207
639205,7691805,"39",0.265769575558459,238
639215,7691805,"40",0.28488485614873,237
639225,7691805,"41",0.308924507581014,223
639235,7691805,"42",0.358941119095414,200
639245,7691805,"43",0.430468117625436,241
639255,7691805,"44",0.513889341336528,237
639265,7691805,"45",0.386386671898242,206
639275,7691805,"46",0.493625682476548,226
639285,7691805,"47",0.483152782537553,239
639295,7691805,"48",0.439387682572519,240
639305,7691805,"49",0.423838951354707,239
639315,7691805,"50",0.412137441196192,228
639325,7691805,"51",0.33839064022275,215
639335,7691805,"52",0.37596439611739,246
639345,7691805,"53",0.337522837483706,229
639355,7691805,"54",0.371530346775353,242
639365,7691805,"55",0.366133283184783,225
639375,7691805,"56",0.352711624952495,242
639385,7691805,"57",0.360673458657648,239
639395,7691805,"58",0.396084393448209,230
639405,7691805,"59",0.330745558358444,224
639415,7691805,"60",0.298215812079796,224
639425,7691805,"61",0.358733789521552,236
639435,7691805,"62",0.401744619422937,218
639445,7691805,"63",0.39754080024116,202
639455,7691805,"64",0.431445198676779,204
639465,7691805,"65",0.439584970899321,207
639475,7691805,"66",0.485350550361905,218
639485,7691805,"67",0.513149003207703,223
639495,7691805,"68",0.530453151947516,223
639505,7691805,"69",0.53008811129149,233
639515,7691805,"70",0.499514574443091,224
639175,7691795,"71",0.30384438964808,269
639185,7691795,"72",0.296745603704991,213
639195,7691795,"73",0.287011640434846,238
639205,7691795,"74",0.309861328057779,243
639215,7691795,"75",0.238812952219369,203
639225,7691795,"76",0.239842718489151,238
639235,7691795,"77",0.291808351277427,232
639245,7691795,"78",0.312578589625727,210
639255,7691795,"79",0.297435037706062,212
639265,7691795,"80",0.321463766117748,235
639275,7691795,"81",0.417837260978849,229
639285,7691795,"82",0.416267580438771,234
639295,7691795,"83",0.396000693846996,226
639305,7691795,"84",0.300643451060202,63
639315,7691795,"85",0.340157213715293,250
639325,7691795,"86",0.278649153674277,229
639335,7691795,"87",0.265044000877766,227
639345,7691795,"88",0.277327605025195,231
639355,7691795,"89",0.328513725428068,246
639365,7691795,"90",0.332456098811765,250
639375,7691795,"91",0.351583165673436,242
639385,7691795,"92",0.256033683389566,225
639395,7691795,"93",0.245371344867163,235
639405,7691795,"94",0.28349095013477,238
639415,7691795,"95",0.321301762989348,238
639425,7691795,"96",0.37158746952447,244
639435,7691795,"97",0.392195445248385,238
639445,7691795,"98",0.392140026739462,217
639455,7691795,"99",0.43475001326093,208
639465,7691795,"100",0.397714746200839,210
639475,7691795,"101",0.460834974654409,230
639485,7691795,"102",0.475302118423572,207
639495,7691795,"103",0.494486601902417,217
639505,7691795,"104",0.494420702547066,212
639515,7691795,"105",0.511249136191835,225
639175,7691785,"106",0.385842374824566,218
639185,7691785,"107",0.360369648068124,213
639195,7691785,"108",0.346354615316576,217
639205,7691785,"109",0.36078546806635,215
639215,7691785,"110",0.365033967653206,241
639225,7691785,"111",0.299523125288103,227
639235,7691785,"112",0.288697449367202,230
639245,7691785,"113",0.247279280042261,228
639255,7691785,"114",0.268962495606456,228
639265,7691785,"115",0.252415732861615,236
639275,7691785,"116",0.253200585203287,228
639285,7691785,"117",0.308192666953329,225
639295,7691785,"118",0.315969380850081,237
639305,7691785,"119",0.333358632472327,238
639315,7691785,"120",0.313147846059289,245
639325,7691785,"121",0.245193584137834,256
639335,7691785,"122",0.2303246509142,247
639345,7691785,"123",0.284742861833732,249
639355,7691785,"124",0.252292763827305,211
639365,7691785,"125",0.302442425206243,248
639375,7691785,"126",0.250578541529999,235
639385,7691785,"127",0.179861340438896,198
639395,7691785,"128",0.149920314234093,202
639405,7691785,"129",0.167192244754369,218
639415,7691785,"130",0.245835856271457,235
639425,7691785,"131",0.335310654702046,235
639435,7691785,"132",0.358969119046633,219
639445,7691785,"133",0.389660522221128,217
639455,7691785,"134",0.429666051851269,218
639465,7691785,"135",0.4436651303571,219
639475,7691785,"136",0.447016691417794,233
639485,7691785,"137",0.420747619420433,228
639495,7691785,"138",0.457746804194769,212
639505,7691785,"139",0.490141750207397,226
639515,7691785,"140",0.480964326884839,211
639175,7691775,"141",0.456599944484049,213
639185,7691775,"142",0.428395752721762,215
639195,7691775,"143",0.420588606537309,211
639205,7691775,"144",0.424902070548648,207
639215,7691775,"145",0.409596073415361,238
639225,7691775,"146",0.327765090256182,240
639235,7691775,"147",0.280608365978575,229
639245,7691775,"148",0.31568387940468,236
639255,7691775,"149",0.289710239562793,233
639265,7691775,"150",0.277019215241814,232
639275,7691775,"151",0.286743224233776,233
639285,7691775,"152",0.301836591798967,234
639295,7691775,"153",0.262484392322755,241
639305,7691775,"154",0.224911355929133,205
639315,7691775,"155",0.205557802372059,253
639325,7691775,"156",0.234353604962523,237
639335,7691775,"157",0.259112458930498,248
639345,7691775,"158",0.264901932815708,257
639355,7691775,"159",0.247350796759294,220
639365,7691775,"160",0.268980960360568,198
639375,7691775,"161",0.225024661347414,212
639385,7691775,"162",0.208017952589849,225
639395,7691775,"163",0.275014420528283,242
639405,7691775,"164",0.237062253294986,228
639415,7691775,"165",0.245099577994053,201
639425,7691775,"166",0.356392389493755,233
639435,7691775,"167",0.375618996992914,219
639445,7691775,"168",0.421703678810034,222
639455,7691775,"169",0.444887919478049,230
639465,7691775,"170",0.466924297260821,225
639475,7691775,"171",0.441781704297794,221
639485,7691775,"172",0.428597215273135,220
639495,7691775,"173",0.452708069131682,210
639505,7691775,"174",0.439526115489772,225
639515,7691775,"175",0.466441061789078,224
639175,7691765,"176",0.461389262243612,215
639185,7691765,"177",0.438589348578021,239
639195,7691765,"178",0.456540025241358,213
639205,7691765,"179",0.455546143926092,233
639215,7691765,"180",0.424963451966611,235
639225,7691765,"181",0.337317234018302,210
639235,7691765,"182",0.392820110375855,238
639245,7691765,"183",0.31481545537868,186
639255,7691765,"184",0.313681481122219,211
639265,7691765,"185",0.311511131280274,236
639275,7691765,"186",0.337336080092395,231
639285,7691765,"187",0.345960509692055,236
639295,7691765,"188",0.331557621519491,239
639305,7691765,"189",0.263497286778662,236
639315,7691765,"190",0.249995671118781,206
639325,7691765,"191",0.26664349444198,206
639335,7691765,"192",0.321931924690846,260
639345,7691765,"193",0.274489506087969,1
639355,7691765,"194",0.328311116654832,261
639365,7691765,"195",0.380708621051574,233
639375,7691765,"196",0.265892086680892,186
639385,7691765,"197",0.350011559926281,228
639395,7691765,"198",0.388968292998583,229
639405,7691765,"199",0.42816193414824,247
639415,7691765,"200",0.424346504420625,232
639425,7691765,"201",0.459550056854735,228
639435,7691765,"202",0.463832163674436,230
639445,7691765,"203",0.477839663486481,230
639455,7691765,"204",0.482321621492461,228
639465,7691765,"205",0.481796992242289,224
639475,7691765,"206",0.475345286863592,225
639485,7691765,"207",0.425673603649595,222
639495,7691765,"208",0.431101059633544,223
639505,7691765,"209",0.434331100246485,188
639515,7691765,"210",0.462547963078569,216
639175,7691755,"211",0.45177989827108,213
639185,7691755,"212",0.44193723317457,200
639195,7691755,"213",0.444014604926336,217
639205,7691755,"214",0.449867289355689,237
639215,7691755,"215",0.385273378699389,218
639225,7691755,"216",0.356574622066948,221
639235,7691755,"217",0.367699792809834,215
639245,7691755,"218",0.366845636592633,212
639255,7691755,"219",0.357704189713048,213
639265,7691755,"220",0.348197907259736,214
639275,7691755,"221",0.345678837373261,211
639285,7691755,"222",0.335700043646538,216
639295,7691755,"223",0.360191531939934,237
639305,7691755,"224",0.313831595068995,232
639315,7691755,"225",0.282657889573065,230
639325,7691755,"226",0.307647382846747,224
639335,7691755,"227",0.373807467702899,229
639345,7691755,"228",0.353793035376001,215
639355,7691755,"229",0.404139293962987,227
639365,7691755,"230",0.431844639974482,229
639375,7691755,"231",0.419323599875438,223
639385,7691755,"232",0.433254347504766,227
639395,7691755,"233",0.449451951173174,238
639405,7691755,"234",0.4800626438684,239
639415,7691755,"235",0.530838790244447,243
639425,7691755,"236",0.531678691887925,241
639435,7691755,"237",0.467161698334952,240
639445,7691755,"238",0.454249961877972,229
639455,7691755,"239",0.469163198063592,234
639465,7691755,"240",0.462227190420028,232
639475,7691755,"241",0.451856057211949,239
639485,7691755,"242",0.371616403793233,219
639495,7691755,"243",0.31918250917079,239
639505,7691755,"244",0.452717300065657,211
639515,7691755,"245",0.496379650699304,207
639175,7691745,"246",0.443850488502335,230
639185,7691745,"247",0.444491281423159,219
639195,7691745,"248",0.446476579263926,227
639205,7691745,"249",0.415654860469945,221
639215,7691745,"250",0.385357186347645,204
639225,7691745,"251",0.376022394943274,242
639235,7691745,"252",0.380708389113149,223
639245,7691745,"253",0.390954848844181,218
639255,7691745,"254",0.421151685612425,226
639265,7691745,"255",0.374631327441772,211
639275,7691745,"256",0.336584815245011,205
639285,7691745,"257",0.426167810942802,239
639295,7691745,"258",0.393684215295833,237
639305,7691745,"259",0.346724426429845,221
639315,7691745,"260",0.311855733447398,215
639325,7691745,"261",0.323460342633987,214
639335,7691745,"262",0.346521954101889,226
639345,7691745,"263",0.389333029629861,226
639355,7691745,"264",0.433316437782133,227
639365,7691745,"265",0.466644238705905,225
639375,7691745,"266",0.43964454250491,197
639385,7691745,"267",0.456076103255392,225
639395,7691745,"268",0.471578574128473,223
639405,7691745,"269",0.48357925363549,218
639415,7691745,"270",0.50154290776401,215
639425,7691745,"271",0.487687812608679,231
639435,7691745,"272",0.472637132308021,228
639445,7691745,"273",0.455576609132474,226
639455,7691745,"274",0.437383167650939,236
639465,7691745,"275",0.453040807704211,237
639475,7691745,"276",0.417974147978681,226
639485,7691745,"277",0.403366308046327,229
639495,7691745,"278",0.411913743484016,220
639505,7691745,"279",0.460827943535678,224
639515,7691745,"280",0.491546884178504,220
639175,7691735,"281",0.40742367506652,230
639185,7691735,"282",0.403208090848277,243
639195,7691735,"283",0.370198074500117,226
639205,7691735,"284",0.386576798669712,240
639215,7691735,"285",0.412357863756466,249
639225,7691735,"286",0.374071698044804,224
639235,7691735,"287",0.360928584976145,192
639245,7691735,"288",0.389588063341422,207
639255,7691735,"289",0.399021256024334,231
639265,7691735,"290",0.399723755579329,202
639275,7691735,"291",0.386256732017146,212
639285,7691735,"292",0.417558825721534,231
639295,7691735,"293",0.364210392545911,210
639305,7691735,"294",0.357905264100439,216
639315,7691735,"295",0.355271338620632,212
639325,7691735,"296",0.385335136952099,226
639335,7691735,"297",0.341380599152776,215
639345,7691735,"298",0.339366964755405,219
639355,7691735,"299",0.376541202823052,231
639365,7691735,"300",0.366038626735586,238
639375,7691735,"301",0.360180421222413,221
639385,7691735,"302",0.412946168506982,216
639395,7691735,"303",0.462484260076414,221
639405,7691735,"304",0.500450699321527,220
639415,7691735,"305",0.520237239906412,230
639425,7691735,"306",0.529324891703128,210
639435,7691735,"307",0.513568516989605,217
639445,7691735,"308",0.502946435797641,222
639455,7691735,"309",0.492790743754692,223
639465,7691735,"310",0.503515570355165,237
639475,7691735,"311",0.407630271570158,237
639485,7691735,"312",0.381071586200954,227
639495,7691735,"313",0.438799223145667,228
639505,7691735,"314",0.459872415895579,239
639515,7691735,"315",0.502509363880136,225
639175,7691725,"316",0.244615716304374,247
639185,7691725,"317",0.273198366008118,259
639195,7691725,"318",0.237530058230059,262
639205,7691725,"319",0.266847104326327,236
639215,7691725,"320",0.334758726551706,234
639225,7691725,"321",0.316973171057077,264
639235,7691725,"322",0.383883380166577,243
639245,7691725,"323",0.403473249034197,222
639255,7691725,"324",0.418289426409607,246
639265,7691725,"325",0.502098086397265,242
639275,7691725,"326",0.335846569691481,344
639285,7691725,"327",0.388460513537682,219
639295,7691725,"328",0.393496068773887,245
639305,7691725,"329",0.381551351699823,237
639315,7691725,"330",0.380245729514423,214
639325,7691725,"331",0.472871622296206,238
639335,7691725,"332",0.375899926677539,225
639345,7691725,"333",0.393353219958045,231
639355,7691725,"334",0.313762349799845,213
639365,7691725,"335",0.26705753427302,201
639375,7691725,"336",0.291861471142308,219
639385,7691725,"337",0.435594414770951,237
639395,7691725,"338",0.420011067572636,214
639405,7691725,"339",0.467868594247341,223
639415,7691725,"340",0.509178393824028,222
639425,7691725,"341",0.532501315276252,221
639435,7691725,"342",0.525795052793735,224
639445,7691725,"343",0.526892009140933,223
639455,7691725,"344",0.531850205017697,226
639465,7691725,"345",0.494134929343884,224
639475,7691725,"346",0.439492403385312,222
639485,7691725,"347",0.431068225489584,224
639495,7691725,"348",0.378429658868509,216
639505,7691725,"349",0.445535199550608,228
639515,7691725,"350",0.42951211180053,223
639175,7691715,"351",0.26851324059771,235
639185,7691715,"352",0.261728765475113,236
639195,7691715,"353",0.229592014986383,228
639205,7691715,"354",0.230192016036571,234
639215,7691715,"355",0.246813769198623,238
639225,7691715,"356",0.219849302572674,205
639235,7691715,"357",0.27212752802232,217
639245,7691715,"358",0.380312328362116,228
639255,7691715,"359",0.362259330312554,224
639265,7691715,"360",0.367860669139644,249
639275,7691715,"361",0.38794267072655,250
639285,7691715,"362",0.384395114817373,268
639295,7691715,"363",0.543214205370432,252
639305,7691715,"364",0.398079886512166,245
639315,7691715,"365",0.394497683497005,210
639325,7691715,"366",0.420893009414304,215
639335,7691715,"367",0.409124148833428,238
639345,7691715,"368",0.415991898184675,204
639355,7691715,"369",0.408763753346347,233
639365,7691715,"370",0.314345863461944,218
639375,7691715,"371",0.343897626084518,223
639385,7691715,"372",0.47496631366704,241
639395,7691715,"373",0.406083558029688,222
639405,7691715,"374",0.422228483848232,217
639415,7691715,"375",0.47164682640559,223
639425,7691715,"376",0.49704485719828,221
639435,7691715,"377",0.500228363870005,236
639445,7691715,"378",0.491230565461332,224
639455,7691715,"379",0.486696524524073,225
639465,7691715,"380",0.479258166880111,230
639475,7691715,"381",0.571009564371152,236
639485,7691715,"382",0.50161451284005,227
639495,7691715,"383",0.480285491017868,227
639505,7691715,"384",0.437796419286193,226
639515,7691715,"385",0.381559393500895,228
639175,7691705,"386",0.385484827559108,239
639185,7691705,"387",0.384188542789122,241
639195,7691705,"388",0.348627165886288,237
639205,7691705,"389",0.333890789044326,228
639215,7691705,"390",0.284800775507495,229
639225,7691705,"391",0.248804901023884,239
639235,7691705,"392",0.193540450001699,231
639245,7691705,"393",0.199070719931737,233
639255,7691705,"394",0.23208162383189,236
639265,7691705,"395",0.252133485180512,227
639275,7691705,"396",0.280076302454344,205
639285,7691705,"397",0.378981256419046,245
639295,7691705,"398",0.358685537424756,215
639305,7691705,"399",0.470511444242592,234
639315,7691705,"400",0.409236715033395,223
639325,7691705,"401",0.451827499276021,223
639335,7691705,"402",0.46144470670176,240
639345,7691705,"403",0.439421867359865,223
639355,7691705,"404",0.407164429252069,211
639365,7691705,"405",0.377903413607495,195
639375,7691705,"406",0.383087604945468,217
639385,7691705,"407",0.463582915592532,233
639395,7691705,"408",0.410246821634741,209
639405,7691705,"409",0.421405423886638,207
639415,7691705,"410",0.448040193152554,205
639425,7691705,"411",0.467401842486927,224
639435,7691705,"412",0.480174684664603,222
639445,7691705,"413",0.469534469427616,224
639455,7691705,"414",0.442861631037653,207
639465,7691705,"415",0.472986835286486,223
639475,7691705,"416",0.469657138989249,239
639485,7691705,"417",0.455694521082495,198
639495,7691705,"418",0.466213827741156,223
639505,7691705,"419",0.454967857170862,223
639515,7691705,"420",0.416336020144962,225
639175,7691695,"421",0.41865293278339,209
639185,7691695,"422",0.416899783022914,215
639195,7691695,"423",0.410167974613838,209
639205,7691695,"424",0.389934583169405,208
639215,7691695,"425",0.390578408469295,223
639225,7691695,"426",0.354164099999087,226
639235,7691695,"427",0.279209308374491,239
639245,7691695,"428",0.206723840774253,231
639255,7691695,"429",0.198139668103655,217
639265,7691695,"430",0.300280012253643,224
639275,7691695,"431",0.317920436353816,196
639285,7691695,"432",0.364895160973731,225
639295,7691695,"433",0.387690179781348,226
639305,7691695,"434",0.507865790476964,243
639315,7691695,"435",0.376471005245163,232
639325,7691695,"436",0.390560788479571,231
639335,7691695,"437",0.38087874291776,241
639345,7691695,"438",0.408864108476768,245
639355,7691695,"439",0.41587000135759,223
639365,7691695,"440",0.407471935452654,218
639375,7691695,"441",0.42491730015996,204
639385,7691695,"442",0.42798323480884,205
639395,7691695,"443",0.42380379353058,207
639405,7691695,"444",0.40859627409737,213
639415,7691695,"445",0.432554982693104,207
639425,7691695,"446",0.424150718766357,224
639435,7691695,"447",0.45940679462399,222
639445,7691695,"448",0.455333908264318,225
639455,7691695,"449",0.448156995961254,226
639465,7691695,"450",0.451850952215929,226
639475,7691695,"451",0.469827635580182,224
639485,7691695,"452",0.466175832515636,223
639495,7691695,"453",0.428584635684273,224
639505,7691695,"454",0.43843347774263,224
639515,7691695,"455",0.467058831542198,228
639175,7691685,"456",0.432347672035635,211
639185,7691685,"457",0.431944190376556,221
639195,7691685,"458",0.429706087520781,220
639205,7691685,"459",0.393045045036097,206
639215,7691685,"460",0.384592167136759,197
639225,7691685,"461",0.4026321786063,209
639235,7691685,"462",0.405862454410618,225
639245,7691685,"463",0.379048510558679,236
639255,7691685,"464",0.430572656704838,236
639265,7691685,"465",0.367350679390778,228
639275,7691685,"466",0.399475111444964,234
639285,7691685,"467",0.392383334583065,229
639295,7691685,"468",0.347067135567284,237
639305,7691685,"469",0.34931592393533,234
639315,7691685,"470",0.316670234692053,227
639325,7691685,"471",0.315407973916752,236
639335,7691685,"472",0.362814268905764,235
639345,7691685,"473",0.421119776213894,240
639355,7691685,"474",0.43389156153953,224
639365,7691685,"475",0.48556178077019,232
639375,7691685,"476",0.368356842708331,242
639385,7691685,"477",0.421389255749386,222
639395,7691685,"478",0.433762118792674,207
639405,7691685,"479",0.441356525643957,206
639415,7691685,"480",0.451444431467729,235
639425,7691685,"481",0.39953252660809,207
639435,7691685,"482",0.429685428360908,205
639445,7691685,"483",0.43058870585017,219
639455,7691685,"484",0.437056640399673,221
639465,7691685,"485",0.444573988866263,218
639475,7691685,"486",0.445136826814117,223
639485,7691685,"487",0.427723048779694,234
639495,7691685,"488",0.430605668844211,212
639505,7691685,"489",0.425009099341965,222
639515,7691685,"490",0.41587541424807,210
639175,7691675,"491",0.484209969209506,233
639185,7691675,"492",0.432834583242542,221
639195,7691675,"493",0.430778455604732,221
639205,7691675,"494",0.420463483216446,231
639215,7691675,"495",0.422331394470586,227
639225,7691675,"496",0.334208405448205,246
639235,7691675,"497",0.433594060746169,230
639245,7691675,"498",0.445018657429723,211
639255,7691675,"499",0.445771490275173,218
639265,7691675,"500",0.426119560424161,216
639275,7691675,"501",0.413537477975487,225
639285,7691675,"502",0.391109851198005,217
639295,7691675,"503",0.384243409449061,225
639305,7691675,"504",0.335951329435904,240
639315,7691675,"505",0.36326565441096,230
639325,7691675,"506",0.374684257131875,220
639335,7691675,"507",0.402828604375199,238
639345,7691675,"508",0.351472217419703,238
639355,7691675,"509",0.380264218820866,207
639365,7691675,"510",0.415134478670514,205
639375,7691675,"511",0.451982587793127,236
639385,7691675,"512",0.453183548409222,217
639395,7691675,"513",0.456771544377908,205
639405,7691675,"514",0.441090458045116,208
639415,7691675,"515",0.430112360716834,208
639425,7691675,"516",0.418506934762355,205
639435,7691675,"517",0.427647443030184,208
639445,7691675,"518",0.461051510323425,212
639455,7691675,"519",0.516847737541397,195
639465,7691675,"520",0.498428665374454,226
639475,7691675,"521",0.482249175127937,206
639485,7691675,"522",0.44040228732589,226
639495,7691675,"523",0.408123151060354,205
639505,7691675,"524",0.415006817310598,207
639515,7691675,"525",0.366441656447181,211
639175,7691665,"526",0.423669037339814,238
639185,7691665,"527",0.394100413034995,218
639195,7691665,"528",0.404011911432477,214
639205,7691665,"529",0.414675908267695,235
639215,7691665,"530",0.444043034019473,226
639225,7691665,"531",0.439493648586802,232
639235,7691665,"532",0.475195714349006,230
639245,7691665,"533",0.421496755496773,228
639255,7691665,"534",0.438623763119721,208
639265,7691665,"535",0.460521527238579,221
639275,7691665,"536",0.428947826956827,214
639285,7691665,"537",0.326399289648111,263
639295,7691665,"538",0.380273937760135,222
639305,7691665,"539",0.396602474438415,226
639315,7691665,"540",0.414112127162616,227
639325,7691665,"541",0.436711079292662,203
639335,7691665,"542",0.457681455801585,240
639345,7691665,"543",0.419443426463936,235
639355,7691665,"544",0.37836686076983,232
639365,7691665,"545",0.436539073975552,223
639375,7691665,"546",0.476713422240944,198
639385,7691665,"547",0.498417839105211,222
639395,7691665,"548",0.466840497311005,208
639405,7691665,"549",0.456281550462338,225
639415,7691665,"550",0.460259508981342,207
639425,7691665,"551",0.542708968005007,235
639435,7691665,"552",0.474518485473242,212
639445,7691665,"553",0.509275777402704,206
639455,7691665,"554",0.507002765563744,219
639465,7691665,"555",0.517049036968687,219
639475,7691665,"556",0.467792223361261,210
639485,7691665,"557",0.469716605598781,207
639495,7691665,"558",0.422078531611373,206
639505,7691665,"559",0.392670195529409,225
639515,7691665,"560",0.394266924867323,206
639175,7691655,"561",0.471164287756665,245
639185,7691655,"562",0.416390978971839,224
639195,7691655,"563",0.466080635160941,239
639205,7691655,"564",0.381509692408027,217
639215,7691655,"565",0.417116012171376,223
639225,7691655,"566",0.440754141193166,229
639235,7691655,"567",0.414298717830101,204
639245,7691655,"568",0.415959475001505,256
639255,7691655,"569",0.460588902458364,222
639265,7691655,"570",0.467266854347758,241
639275,7691655,"571",0.470654154696114,238
639285,7691655,"572",0.411118306878494,222
639295,7691655,"573",0.424661953660626,227
639305,7691655,"574",0.443913534390155,230
639315,7691655,"575",0.466265498060355,240
639325,7691655,"576",0.424817191995524,240
639335,7691655,"577",0.442349488914319,225
639345,7691655,"578",0.441772799451243,234
639355,7691655,"579",0.404390612450982,207
639365,7691655,"580",0.433683779783567,224
639375,7691655,"581",0.478016652278681,223
639385,7691655,"582",0.512187487700939,223
639395,7691655,"583",0.511469050750954,223
639405,7691655,"584",0.500195710000802,221
639415,7691655,"585",0.482084151508017,213
639425,7691655,"586",0.596482055461448,234
639435,7691655,"587",0.546969573910963,196
639445,7691655,"588",0.494900709335846,239
639455,7691655,"589",0.497929705043131,200
639465,7691655,"590",0.658128276081261,233
639475,7691655,"591",0.474194479666586,219
639485,7691655,"592",0.483283082970895,209
639495,7691655,"593",0.471533796320069,206
639505,7691655,"594",0.427111950743733,206
639515,7691655,"595",0.49833803302853,248
639175,7691645,"596",0.448933907969547,226
639185,7691645,"597",0.415699219859113,246
639195,7691645,"598",0.425194627960734,268
639205,7691645,"599",0.407817145038971,223
639215,7691645,"600",0.419449991561065,235
639225,7691645,"601",0.407115993695082,226
639235,7691645,"602",0.411980974274362,203
639245,7691645,"603",0.36426776016216,242
639255,7691645,"604",0.467665621570933,234
639265,7691645,"605",0.460041058189432,223
639275,7691645,"606",0.447923764071162,227
639285,7691645,"607",0.465765776042837,231
639295,7691645,"608",0.445632965298261,231
639305,7691645,"609",0.425590774883158,222
639315,7691645,"610",0.438841222050229,223
639325,7691645,"611",0.455479875311903,222
639335,7691645,"612",0.456609173320606,226
639345,7691645,"613",0.562852598122155,238
639355,7691645,"614",0.394353374498634,238
639365,7691645,"615",0.428074008056101,212
639375,7691645,"616",0.43408052700881,204
639385,7691645,"617",0.478393534826049,240
639395,7691645,"618",0.534195713624571,223
639405,7691645,"619",0.545440272171777,223
639415,7691645,"620",0.542097339400318,221
639425,7691645,"621",0.528542625066363,221
639435,7691645,"622",0.523903532880473,222
639445,7691645,"623",0.503492347094252,220
639455,7691645,"624",0.475772980705366,223
639465,7691645,"625",0.494560888870254,219
639475,7691645,"626",0.485590974990629,221
639485,7691645,"627",0.503348522558331,227
639495,7691645,"628",0.509843714311401,206
639505,7691645,"629",0.479477546170243,204
639515,7691645,"630",0.418139858462248,215
639175,7691635,"631",0.419895535206276,226
639185,7691635,"632",0.385147557778692,205
639195,7691635,"633",0.385431950545445,225
639205,7691635,"634",0.393469759973686,236
639215,7691635,"635",0.401563220657306,236
639225,7691635,"636",0.411937919742709,202
639235,7691635,"637",0.411211623584968,229
639245,7691635,"638",0.452100368777231,240
639255,7691635,"639",0.408753282559306,200
639265,7691635,"640",0.45866792341716,233
639275,7691635,"641",0.428802813732019,232
639285,7691635,"642",0.46081562436883,229
639295,7691635,"643",0.493992348259438,229
639305,7691635,"644",0.444862115072659,231
639315,7691635,"645",0.40702466679179,205
639325,7691635,"646",0.492960125109074,233
639335,7691635,"647",0.435880854463327,213
639345,7691635,"648",0.431785914893011,213
639355,7691635,"649",0.439404105113391,209
639365,7691635,"650",0.42991257843004,213
639375,7691635,"651",0.457961499206708,206
639385,7691635,"652",0.439774618804863,237
639395,7691635,"653",0.470385618406575,201
639405,7691635,"654",0.51230477946019,226
639415,7691635,"655",0.523433263438106,223
639425,7691635,"656",0.514813526823323,223
639435,7691635,"657",0.509278491525186,227
639445,7691635,"658",0.492270868352487,222
639455,7691635,"659",0.478735253217442,235
639465,7691635,"660",0.513908010940542,218
639475,7691635,"661",0.536390062106837,220
639485,7691635,"662",0.502565126236988,198
639495,7691635,"663",0.525440284862802,212
639505,7691635,"664",0.526962820015822,205
639515,7691635,"665",0.490289488332847,204
639175,7691625,"666",0.438441262424617,233
639185,7691625,"667",0.352189217885767,199
639195,7691625,"668",0.35616316466376,224
639205,7691625,"669",0.338046806590443,200
639215,7691625,"670",0.367167707839782,242
639225,7691625,"671",0.37599214734426,224
639235,7691625,"672",0.368966534596268,225
639245,7691625,"673",0.398413264255035,203
639255,7691625,"674",0.394793100642502,232
639265,7691625,"675",0.382234996090273,276
639275,7691625,"676",0.476115901908664,245
639285,7691625,"677",0.437425356344223,202
639295,7691625,"678",0.468227212968474,226
639305,7691625,"679",0.492849046784057,230
639315,7691625,"680",0.450034174504102,199
639325,7691625,"681",0.410109017576064,228
639335,7691625,"682",0.44845986125758,235
639345,7691625,"683",0.37737219109097,207
639355,7691625,"684",0.42190860861479,223
639365,7691625,"685",0.453900700124385,208
639375,7691625,"686",0.459723980641737,207
639385,7691625,"687",0.417358714725159,220
639395,7691625,"688",0.419483252306065,211
639405,7691625,"689",0.434366078682237,225
639415,7691625,"690",0.460798248996856,223
639425,7691625,"691",0.479218970095122,238
639435,7691625,"692",0.486998228804179,225
639445,7691625,"693",0.535503062941082,230
639455,7691625,"694",0.492892390207602,224
639465,7691625,"695",0.499678315627675,221
639475,7691625,"696",0.54004841189449,220
639485,7691625,"697",0.586631113269753,191
639495,7691625,"698",0.529669754064557,216
639505,7691625,"699",0.545083264230538,206
639515,7691625,"700",0.485672967094015,210
639175,7691615,"701",0.366269875843904,276
639185,7691615,"702",0.366503719465615,230
639195,7691615,"703",0.33478129147042,235
639205,7691615,"704",0.341410511194605,210
639215,7691615,"705",0.392742814376369,233
639225,7691615,"706",0.339649434286791,215
639235,7691615,"707",0.418986214826165,239
639245,7691615,"708",0.36312125605207,225
639255,7691615,"709",0.394462193300662,242
639265,7691615,"710",0.453230239515724,235
639275,7691615,"711",0.40719173935411,210
639285,7691615,"712",0.461711081123723,226
639295,7691615,"713",0.440702687779958,199
639305,7691615,"714",0.479864296268777,232
639315,7691615,"715",0.475184002172933,205
639325,7691615,"716",0.548540108338595,238
639335,7691615,"717",0.45218838248906,206
639345,7691615,"718",0.445791912126601,260
639355,7691615,"719",0.439274270867602,215
639365,7691615,"720",0.517464653549474,242
639375,7691615,"721",0.453825348310676,211
639385,7691615,"722",0.456170902040256,208
639395,7691615,"723",0.435589395616006,227
639405,7691615,"724",0.400928509688748,209
639415,7691615,"725",0.427633578293111,226
639425,7691615,"726",0.453731872065199,228
639435,7691615,"727",0.478202639898296,225
639445,7691615,"728",0.531556251777004,235
639455,7691615,"729",0.46234825047724,229
639465,7691615,"730",0.478589506731125,224
639475,7691615,"731",0.524905889611421,221
639485,7691615,"732",0.508335184005523,228
639495,7691615,"733",0.515411636287307,213
639505,7691615,"734",0.533946976382469,206
639515,7691615,"735",0.528049028424186,216
639175,7691605,"736",0.343768821203748,225
639185,7691605,"737",0.32894537142039,237
639195,7691605,"738",0.342619003627632,236
639205,7691605,"739",0.372620743337432,238
639215,7691605,"740",0.404044354172639,227
639225,7691605,"741",0.356133989693618,210
639235,7691605,"742",0.334456515765989,214
639245,7691605,"743",0.320120406727222,204
639255,7691605,"744",0.333622165918383,221
639265,7691605,"745",0.358948410798487,200
639275,7691605,"746",0.323623837748217,258
639285,7691605,"747",0.446178701663672,231
639295,7691605,"748",0.394302488139809,230
639305,7691605,"749",0.430264492017818,216
639315,7691605,"750",0.544293019639394,227
639325,7691605,"751",0.495072416157585,212
639335,7691605,"752",0.47155592264681,207
639345,7691605,"753",0.449137639380209,222
639355,7691605,"754",0.472739541249565,207
639365,7691605,"755",0.471674498859616,225
639375,7691605,"756",0.468487893656609,214
639385,7691605,"757",0.451007293933784,227
639395,7691605,"758",0.450109380816682,206
639405,7691605,"759",0.421866878675401,209
639415,7691605,"760",0.467589657203906,231
639425,7691605,"761",0.43096544375328,223
639435,7691605,"762",0.466309510885411,227
639445,7691605,"763",0.447314638143346,217
639455,7691605,"764",0.460898672274786,231
639465,7691605,"765",0.499512327801423,224
639475,7691605,"766",0.516060810959293,230
639485,7691605,"767",0.493358746388224,222
639495,7691605,"768",0.499573413377892,218
639505,7691605,"769",0.484013391996197,195
639515,7691605,"770",0.556630686102457,192
639175,7691595,"771",0.350210593141618,258
639185,7691595,"772",0.345210667176917,238
639195,7691595,"773",0.348048347676968,259
639205,7691595,"774",0.339557745033163,222
639215,7691595,"775",0.372190314115335,223
639225,7691595,"776",0.383625201091549,206
639235,7691595,"777",0.432347693012157,230
639245,7691595,"778",0.399671175257693,269
639255,7691595,"779",0.374723748433032,238
639265,7691595,"780",0.369980025260577,223
639275,7691595,"781",0.37991285966074,233
639285,7691595,"782",0.390702457678582,227
639295,7691595,"783",0.384426399544156,221
639305,7691595,"784",0.409737306650828,231
639315,7691595,"785",0.547700548036609,237
639325,7691595,"786",0.495900070967155,214
639335,7691595,"787",0.563121655015945,236
639345,7691595,"788",0.486583107377682,209
639355,7691595,"789",0.486942823067644,226
639365,7691595,"790",0.434197905326063,208
639375,7691595,"791",0.43934981988981,209
639385,7691595,"792",0.473471639372213,207
639395,7691595,"793",0.427442440151987,210
639405,7691595,"794",0.383009306749422,202
639415,7691595,"795",0.388685766005296,222
639425,7691595,"796",0.422841853332804,224
639435,7691595,"797",0.457449213930855,216
639445,7691595,"798",0.481336025781828,226
639455,7691595,"799",0.48758880709471,232
639465,7691595,"800",0.526872499080396,221
639475,7691595,"801",0.525874851149327,220
639485,7691595,"802",0.499011596914729,235
639495,7691595,"803",0.474205583848281,219
639505,7691595,"804",0.572546594760595,232
639515,7691595,"805",0.496868674353555,221
639175,7691585,"806",0.454934423057151,241
639185,7691585,"807",0.336661918176648,230
639195,7691585,"808",0.356228698382447,237
639205,7691585,"809",0.35445839288665,229
639215,7691585,"810",0.370138891907541,201
639225,7691585,"811",0.391655008861665,224
639235,7691585,"812",0.399316846379597,223
639245,7691585,"813",0.439135603592949,224
639255,7691585,"814",0.427830933019082,225
639265,7691585,"815",0.360991773302937,203
639275,7691585,"816",0.32902458255037,237
639285,7691585,"817",0.361036577765877,212
639295,7691585,"818",0.407142301366736,208
639305,7691585,"819",0.437951716857208,226
639315,7691585,"820",0.462422235440716,219
639325,7691585,"821",0.49559537436604,210
639335,7691585,"822",0.496434871582758,212
639345,7691585,"823",0.476285680347301,223
639355,7691585,"824",0.481491041078246,207
639365,7691585,"825",0.422073519520876,210
639375,7691585,"826",0.427795299114786,214
639385,7691585,"827",0.453687813931312,210
639395,7691585,"828",0.446204211299454,225
639405,7691585,"829",0.387532582923536,254
639415,7691585,"830",0.380660571768582,222
639425,7691585,"831",0.370785727451697,205
639435,7691585,"832",0.42260180789541,196
639445,7691585,"833",0.495113035142247,225
639455,7691585,"834",0.533320964042725,224
639465,7691585,"835",0.540024923862556,235
639475,7691585,"836",0.528870853034896,218
639485,7691585,"837",0.499497001711192,228
639495,7691585,"838",0.477349316206945,225
639505,7691585,"839",0.487048041807576,224
639515,7691585,"840",0.459969097662705,200
639175,7691575,"841",0.325586199857405,222
639185,7691575,"842",0.311537300965191,236
639195,7691575,"843",0.318112763153673,223
639205,7691575,"844",0.370416835848234,221
639215,7691575,"845",0.401081812373108,203
639225,7691575,"846",0.411640872956995,222
639235,7691575,"847",0.431381770167199,224
639245,7691575,"848",0.417023736111447,225
639255,7691575,"849",0.3772032923348,225
639265,7691575,"850",0.343659232245006,224
639275,7691575,"851",0.333123958173606,208
639285,7691575,"852",0.340700988376564,217
639295,7691575,"853",0.399696271708726,224
639305,7691575,"854",0.428614361560818,221
639315,7691575,"855",0.556516650683991,240
639325,7691575,"856",0.44672121063729,192
639335,7691575,"857",0.432251765233889,214
639345,7691575,"858",0.491272225932803,207
639355,7691575,"859",0.48813642116288,203
639365,7691575,"860",0.451419363876654,208
639375,7691575,"861",0.448047623480321,205
639385,7691575,"862",0.441303585843748,225
639395,7691575,"863",0.440156536307565,225
639405,7691575,"864",0.395893234566106,221
639415,7691575,"865",0.369285375814949,195
639425,7691575,"866",0.371622183856919,232
639435,7691575,"867",0.410181768570018,206
639445,7691575,"868",0.440254966719623,224
639455,7691575,"869",0.483863983008154,224
639465,7691575,"870",0.512753299698176,231
639475,7691575,"871",0.510090662382187,219
639485,7691575,"872",0.554120282342893,236
639495,7691575,"873",0.52419384403694,222
639505,7691575,"874",0.503690656379558,226
639515,7691575,"875",0.4804554101011,220
639175,7691565,"876",0.310641080706148,213
639185,7691565,"877",0.293917946573066,222
639195,7691565,"878",0.317748253119609,212
639205,7691565,"879",0.36128539528235,200
639215,7691565,"880",0.419614574244541,244
639225,7691565,"881",0.455583605749236,224
639235,7691565,"882",0.445034853402149,225
639245,7691565,"883",0.398671747933958,232
639255,7691565,"884",0.35509691501584,214
639265,7691565,"885",0.346508780896922,211
639275,7691565,"886",0.354229558513891,205
639285,7691565,"887",0.324719251512714,208
639295,7691565,"888",0.323988677788313,205
639305,7691565,"889",0.402815160140684,218
639315,7691565,"890",0.623205599430663,247
639325,7691565,"891",0.476135583136655,210
639335,7691565,"892",0.466385516897744,210
639345,7691565,"893",0.476062885977685,208
639355,7691565,"894",0.535680441898724,236
639365,7691565,"895",0.430418426822312,223
639375,7691565,"896",0.419014008794911,229
639385,7691565,"897",0.433716677935,225
639395,7691565,"898",0.432901207802953,239
639405,7691565,"899",0.447810845793276,220
639415,7691565,"900",0.473865635970746,197
639425,7691565,"901",0.383635060470727,197
639435,7691565,"902",0.389994120873515,208
639445,7691565,"903",0.337122896835425,226
639455,7691565,"904",0.359953394917502,222
639465,7691565,"905",0.441830099506782,213
639475,7691565,"906",0.523818823629339,229
639485,7691565,"907",0.562239355873286,233
639495,7691565,"908",0.674628605382447,238
639505,7691565,"909",0.555745584007842,235
639515,7691565,"910",0.489438078807115,239
639175,7691555,"911",0.35661648534215,234
639185,7691555,"912",0.325369237161515,233
639195,7691555,"913",0.367086528111171,195
639205,7691555,"914",0.452223964330195,238
639215,7691555,"915",0.365940698732277,209
639225,7691555,"916",0.387427856391701,224
639235,7691555,"917",0.385535641315152,234
639245,7691555,"918",0.377567816926803,227
639255,7691555,"919",0.384134136009388,221
639265,7691555,"920",0.382187628982613,209
639275,7691555,"921",0.438341330608803,231
639285,7691555,"922",0.361474842567425,202
639295,7691555,"923",0.333711338800375,204
639305,7691555,"924",0.401950574365792,216
639315,7691555,"925",0.444880946614291,217
639325,7691555,"926",0.440871101316927,211
639335,7691555,"927",0.388995346794885,187
639345,7691555,"928",0.446215482999141,214
639355,7691555,"929",0.478742123888642,208
639365,7691555,"930",0.405092765044744,220
639375,7691555,"931",0.365782578791115,222
639385,7691555,"932",0.384935236283482,200
639395,7691555,"933",0.430438215571264,219
639405,7691555,"934",0.470555594740913,222
639415,7691555,"935",0.502271928614272,233
639425,7691555,"936",0.418367259300409,212
639435,7691555,"937",0.388311630123077,210
639445,7691555,"938",0.335612625149107,186
639455,7691555,"939",0.368542908284732,215
639465,7691555,"940",0.426677603984732,203
639475,7691555,"941",0.495938335423078,217
639485,7691555,"942",0.541668066955163,197
639495,7691555,"943",0.548360713823211,235
639505,7691555,"944",0.535729475930151,228
639515,7691555,"945",0.601020490812294,236
639175,7691545,"946",0.351699968120138,230
639185,7691545,"947",0.313929950886252,231
639195,7691545,"948",0.374081341982209,244
639205,7691545,"949",0.384401964502992,226
639215,7691545,"950",0.285018460922097,205
639225,7691545,"951",0.321253957934746,220
639235,7691545,"952",0.331786628369431,231
639245,7691545,"953",0.339982479697224,223
639255,7691545,"954",0.349683455455707,217
639265,7691545,"955",0.39284546780664,219
639275,7691545,"956",0.415428899665977,219
639285,7691545,"957",0.419032540539802,221
639295,7691545,"958",0.390041198760934,224
639305,7691545,"959",0.40073033990965,215
639315,7691545,"960",0.443399266675287,218
639325,7691545,"961",0.46846591714437,204
639335,7691545,"962",0.450862143520221,230
639345,7691545,"963",0.418607230142965,222
639355,7691545,"964",0.412849620918389,224
639365,7691545,"965",0.386160268179479,237
639375,7691545,"966",0.407594928213555,225
639385,7691545,"967",0.391673591876133,223
639395,7691545,"968",0.434205332007516,197
639405,7691545,"969",0.476127599860652,221
639415,7691545,"970",0.47697972350149,221
639425,7691545,"971",0.473232691060392,204
639435,7691545,"972",0.425005809939603,208
639445,7691545,"973",0.443867185610623,200
639455,7691545,"974",0.410030409334193,199
639465,7691545,"975",0.47721341272592,211
639475,7691545,"976",0.498432360792605,210
639485,7691545,"977",0.526431076626797,221
639495,7691545,"978",0.60835344123626,236
639505,7691545,"979",0.532693968683772,233
639515,7691545,"980",0.535408240995485,235
639175,7691535,"981",0.280532020058421,222
639185,7691535,"982",0.287160855644232,223
639195,7691535,"983",0.326232975671753,224
639205,7691535,"984",0.309515561257174,197
639215,7691535,"985",0.294787594455481,226
639225,7691535,"986",0.349807086312725,208
639235,7691535,"987",0.43242481707323,228
639245,7691535,"988",0.352359648811283,215
639255,7691535,"989",0.325722326602643,208
639265,7691535,"990",0.351927538252981,220
639275,7691535,"991",0.398721535411787,223
639285,7691535,"992",0.42370778039153,222
639295,7691535,"993",0.404815906209901,226
639305,7691535,"994",0.476227992138953,232
639315,7691535,"995",0.424609413696138,239
639325,7691535,"996",0.442587396213607,223
639335,7691535,"997",0.411262969844431,209
639345,7691535,"998",0.540116810166488,242
639355,7691535,"999",0.373043810390374,222
639365,7691535,"1000",0.374393375746572,223
639375,7691535,"1001",0.369789853171226,232
639385,7691535,"1002",0.349758812807638,225
639395,7691535,"1003",0.397035340627673,217
639405,7691535,"1004",0.473560756170356,218
639415,7691535,"1005",0.493113356489037,209
639425,7691535,"1006",0.497012946644815,203
639435,7691535,"1007",0.463092374898345,230
639445,7691535,"1008",0.464011303185629,225
639455,7691535,"1009",0.500804929462776,204
639465,7691535,"1010",0.482359294245452,202
639475,7691535,"1011",0.518498413108689,210
639485,7691535,"1012",0.528158606884662,237
639495,7691535,"1013",0.525783707650079,234
639505,7691535,"1014",0.545640039232826,229
639515,7691535,"1015",0.567177106817763,236
639175,7691525,"1016",0.265228209137627,204
639185,7691525,"1017",0.281320227285564,227
639195,7691525,"1018",0.311689385701488,232
639205,7691525,"1019",0.282756638849924,226
639215,7691525,"1020",0.318067539011245,202
639225,7691525,"1021",0.387471388869954,228
639235,7691525,"1022",0.42320724942352,221
639245,7691525,"1023",0.412959680193861,238
639255,7691525,"1024",0.371707887891077,213
639265,7691525,"1025",0.348823096422302,206
639275,7691525,"1026",0.370398797929894,219
639285,7691525,"1027",0.433794548675356,199
639295,7691525,"1028",0.407586197863674,227
639305,7691525,"1029",0.392096688450314,224
639315,7691525,"1030",0.381780550932515,224
639325,7691525,"1031",0.39672570699228,223
639335,7691525,"1032",0.396321314779326,225
639345,7691525,"1033",0.360626502622148,226
639355,7691525,"1034",0.355915153619377,238
639365,7691525,"1035",0.337227419082445,197
639375,7691525,"1036",0.332905431076571,228
639385,7691525,"1037",0.388761043445417,215
639395,7691525,"1038",0.446391864247815,208
639405,7691525,"1039",0.439422799112326,201
639415,7691525,"1040",0.461216828172074,210
639425,7691525,"1041",0.469946335891207,206
639435,7691525,"1042",0.471774612958169,229
639445,7691525,"1043",0.524478918028467,215
639455,7691525,"1044",0.464934102182631,202
639465,7691525,"1045",0.465444234902358,202
639475,7691525,"1046",0.528821651690843,219
639485,7691525,"1047",0.522219657046948,227
639495,7691525,"1048",0.513875975810104,223
639505,7691525,"1049",0.583918338390227,249
639515,7691525,"1050",0.57815403211846,234
639175,7691515,"1051",0.279426214934216,230
639185,7691515,"1052",0.320351432845945,233
639195,7691515,"1053",0.267077984393563,234
639205,7691515,"1054",0.287339911370771,192
639215,7691515,"1055",0.339843245986801,222
639225,7691515,"1056",0.357459476870435,227
639235,7691515,"1057",0.408358255489185,236
639245,7691515,"1058",0.408461918537724,199
639255,7691515,"1059",0.382435249084804,215
639265,7691515,"1060",0.35143993977247,202
639275,7691515,"1061",0.381912411662054,196
639285,7691515,"1062",0.37133094334397,224
639295,7691515,"1063",0.485472220919699,243
639305,7691515,"1064",0.405896376931316,239
639315,7691515,"1065",0.298891950342578,224
639325,7691515,"1066",0.321694917725765,222
639335,7691515,"1067",0.336128747926695,222
639345,7691515,"1068",0.350003088949258,218
639355,7691515,"1069",0.359812663308482,222
639365,7691515,"1070",0.359532509275986,227
639375,7691515,"1071",0.333857241597045,215
639385,7691515,"1072",0.433482225854608,212
639395,7691515,"1073",0.456964119746706,220
639405,7691515,"1074",0.471476235382063,202
639415,7691515,"1075",0.465569272185411,207
639425,7691515,"1076",0.484864841284639,208
639435,7691515,"1077",0.516904470673173,221
639445,7691515,"1078",0.477648387603659,206
639455,7691515,"1079",0.4816598548464,219
639465,7691515,"1080",0.464631803550324,188
639475,7691515,"1081",0.524965962292664,221
639485,7691515,"1082",0.535177378472131,224
639495,7691515,"1083",0.557388968766375,229
639505,7691515,"1084",0.559865018418505,226
639515,7691515,"1085",0.566402010563335,228
639175,7691505,"1086",0.28723349841474,225
639185,7691505,"1087",0.32862654798265,228
639195,7691505,"1088",0.351168360552744,231
639205,7691505,"1089",0.348993076745513,240
639215,7691505,"1090",0.362869498272763,211
639225,7691505,"1091",0.347715695380757,200
639235,7691505,"1092",0.381140901470339,251
639245,7691505,"1093",0.398859801789612,228
639255,7691505,"1094",0.426290406770605,237
639265,7691505,"1095",0.342456069290654,231
639275,7691505,"1096",0.356963059780872,207
639285,7691505,"1097",0.359249108879865,225
639295,7691505,"1098",0.309711840109521,224
639305,7691505,"1099",0.296924537807859,225
639315,7691505,"1100",0.274549523298821,231
639325,7691505,"1101",0.301073581199554,200
639335,7691505,"1102",0.356118074698606,199
639345,7691505,"1103",0.431363735845993,217
639355,7691505,"1104",0.460086378648214,199
639365,7691505,"1105",0.402913217359234,223
639375,7691505,"1106",0.385580686930355,216
639385,7691505,"1107",0.441665062457859,223
639395,7691505,"1108",0.459930357839774,219
639405,7691505,"1109",0.463942172340135,228
639415,7691505,"1110",0.436900750751143,222
639425,7691505,"1111",0.467454973119753,206
639435,7691505,"1112",0.46201869615685,208
639445,7691505,"1113",0.471830894517427,207
639455,7691505,"1114",0.499648534565223,225
639465,7691505,"1115",0.484276218028425,222
639475,7691505,"1116",0.530388477549705,224
639485,7691505,"1117",0.563060225405422,224
639495,7691505,"1118",0.555983186239042,227
639505,7691505,"1119",0.553263051852926,228
639515,7691505,"1120",0.538132468573548,236
639175,7691495,"1121",0.273317051899512,236
639185,7691495,"1122",0.317064979423483,220
639195,7691495,"1123",0.331152417548267,264
639205,7691495,"1124",0.349026722300314,246
639215,7691495,"1125",0.34575817449294,239
639225,7691495,"1126",0.304259501363677,217
639235,7691495,"1127",0.378144905476968,242
639245,7691495,"1128",0.341018357729682,230
639255,7691495,"1129",0.29258151790628,204
639265,7691495,"1130",0.334106560032379,226
639275,7691495,"1131",0.323895022535325,227
639285,7691495,"1132",0.297764916354003,222
639295,7691495,"1133",0.256581525449341,225
639305,7691495,"1134",0.310340807319622,216
639315,7691495,"1135",0.359076700506266,220
639325,7691495,"1136",0.37380940319917,220
639335,7691495,"1137",0.403905893125539,221
639345,7691495,"1138",0.450850253026437,221
639355,7691495,"1139",0.464237574904088,225
639365,7691495,"1140",0.42179830601552,220
639375,7691495,"1141",0.409615475017349,227
639385,7691495,"1142",0.442756562619161,220
639395,7691495,"1143",0.456982897499974,213
639405,7691495,"1144",0.454410721073619,208
639415,7691495,"1145",0.458290324652662,208
639425,7691495,"1146",0.430026793669176,203
639435,7691495,"1147",0.446557293058779,229
639445,7691495,"1148",0.458750412191468,202
639455,7691495,"1149",0.481874242272112,222
639465,7691495,"1150",0.492749563929402,225
639475,7691495,"1151",0.524680533015555,221
639485,7691495,"1152",0.550494750067835,224
639495,7691495,"1153",0.533110414921434,223
639505,7691495,"1154",0.514429624503869,208
639515,7691495,"1155",0.538452879053351,226
639175,7691485,"1156",0.308061098251096,226
639185,7691485,"1157",0.312873212846738,233
639195,7691485,"1158",0.238064428266079,244
639205,7691485,"1159",0.205106517799526,224
639215,7691485,"1160",0.25235634575878,265
639225,7691485,"1161",0.298543795608284,222
639235,7691485,"1162",0.322610511677348,243
639245,7691485,"1163",0.258621687932971,240
639255,7691485,"1164",0.255227890264544,203
639265,7691485,"1165",0.290374513993184,225
639275,7691485,"1166",0.279055178274849,228
639285,7691485,"1167",0.293830170652355,218
639295,7691485,"1168",0.247206645233732,202
639305,7691485,"1169",0.324191874354284,216
639315,7691485,"1170",0.384000702936216,220
639325,7691485,"1171",0.387187253966839,226
639335,7691485,"1172",0.397084053973353,218
639345,7691485,"1173",0.455196305908983,222
639355,7691485,"1174",0.432103113922084,234
639365,7691485,"1175",0.429874593844628,241
639375,7691485,"1176",0.40628796128636,219
639385,7691485,"1177",0.417636394066697,219
639395,7691485,"1178",0.44647159862498,202
639405,7691485,"1179",0.461589159475206,206
639415,7691485,"1180",0.455504412759112,230
639425,7691485,"1181",0.480600152718401,202
639435,7691485,"1182",0.453351512460079,208
639445,7691485,"1183",0.480135691132389,220
639455,7691485,"1184",0.479854147495268,223
639465,7691485,"1185",0.449118123428041,225
639475,7691485,"1186",0.481383659211796,225
639485,7691485,"1187",0.51891858383847,224
639495,7691485,"1188",0.498703334406065,223
639505,7691485,"1189",0.492670090791327,225
639515,7691485,"1190",0.509918236789407,224
639175,7691475,"1191",0.29187079301375,235
639185,7691475,"1192",0.26714873710742,186
639195,7691475,"1193",0.214725735105206,238
639205,7691475,"1194",0.159789452186486,213
639215,7691475,"1195",0.21737873178958,219
639225,7691475,"1196",0.245139015262082,206
639235,7691475,"1197",0.259276954092696,209
639245,7691475,"1198",0.24284050123013,203
639255,7691475,"1199",0.252524103037347,208
639265,7691475,"1200",0.240882463950573,224
639275,7691475,"1201",0.274299532444324,219
639285,7691475,"1202",0.340588639113889,206
639295,7691475,"1203",0.33379270465636,217
639305,7691475,"1204",0.411883058307719,232
639315,7691475,"1205",0.411312972712936,223
639325,7691475,"1206",0.396097600982219,230
639335,7691475,"1207",0.355055148297848,228
639345,7691475,"1208",0.416924349703552,220
639355,7691475,"1209",0.412533342526574,217
639365,7691475,"1210",0.371792852786142,226
639375,7691475,"1211",0.384687497681089,222
639385,7691475,"1212",0.475969337894764,238
639395,7691475,"1213",0.378906048225607,220
639405,7691475,"1214",0.427003008142539,218
639415,7691475,"1215",0.489227612960705,222
639425,7691475,"1216",0.499866347109954,223
639435,7691475,"1217",0.469382360452698,217
639445,7691475,"1218",0.501328299070919,223
639455,7691475,"1219",0.450246328310788,224
639465,7691475,"1220",0.405361512771638,221
639475,7691475,"1221",0.463316346692191,203
639485,7691475,"1222",0.478375240936106,208
639495,7691475,"1223",0.470325282270779,232
639505,7691475,"1224",0.485978287636763,205
639515,7691475,"1225",0.512239096992467,213
639175,7691465,"1226",0.236751845891853,213
639185,7691465,"1227",0.301238747461007,230
639195,7691465,"1228",0.278693717556058,219
639205,7691465,"1229",0.203593800964307,212
639215,7691465,"1230",0.22920331316191,225
639225,7691465,"1231",0.277433468500799,208
639235,7691465,"1232",0.337761192469855,236
639245,7691465,"1233",0.275247436542204,228
639255,7691465,"1234",0.265447008762609,204
639265,7691465,"1235",0.186664964518219,207
639275,7691465,"1236",0.290218003276915,220
639285,7691465,"1237",0.379535809456739,219
639295,7691465,"1238",0.399029379959446,228
639305,7691465,"1239",0.408327016787197,223
639315,7691465,"1240",0.408584337628971,225
639325,7691465,"1241",0.3869733608204,226
639335,7691465,"1242",0.363991823230476,222
639345,7691465,"1243",0.42530469003382,222
639355,7691465,"1244",0.421809674760668,197
639365,7691465,"1245",0.357296760966653,224
639375,7691465,"1246",0.363953866215607,224
639385,7691465,"1247",0.351135103068231,222
639395,7691465,"1248",0.359238054475558,222
639405,7691465,"1249",0.402982205763024,221
639415,7691465,"1250",0.459231401618966,221
639425,7691465,"1251",0.444161677363521,200
639435,7691465,"1252",0.465052990279315,222
639445,7691465,"1253",0.437043790262818,237
639455,7691465,"1254",0.381029765341718,197
639465,7691465,"1255",0.430569672209901,219
639475,7691465,"1256",0.490688181549769,211
639485,7691465,"1257",0.488728963502899,206
639495,7691465,"1258",0.459594553361519,207
639505,7691465,"1259",0.462737800952065,202
639515,7691465,"1260",0.490961640524685,205
639175,7691455,"1261",0.237482576811854,229
639185,7691455,"1262",0.263496952161327,239
639195,7691455,"1263",0.263588411739258,234
639205,7691455,"1264",0.250611584686411,225
639215,7691455,"1265",0.243291224914064,222
639225,7691455,"1266",0.267958175899993,222
639235,7691455,"1267",0.301760455116512,228
639245,7691455,"1268",0.305964920728527,227
639255,7691455,"1269",0.258197012582304,246
639265,7691455,"1270",0.163922210826892,224
639275,7691455,"1271",0.291150946567115,219
639285,7691455,"1272",0.39141575968163,224
639295,7691455,"1273",0.395543128687996,222
639305,7691455,"1274",0.421641815602687,228
639315,7691455,"1275",0.418212673363394,229
639325,7691455,"1276",0.349906687250789,225
639335,7691455,"1277",0.327089367843038,224
639345,7691455,"1278",0.327576305246813,224
639355,7691455,"1279",0.33685443807839,226
639365,7691455,"1280",0.29499566312542,240
639375,7691455,"1281",0.273109313422838,228
639385,7691455,"1282",0.247559515187466,236
639395,7691455,"1283",0.263409157879654,237
639405,7691455,"1284",0.28904426792821,236
639415,7691455,"1285",0.287632065512402,241
639425,7691455,"1286",0.327204423636454,238
639435,7691455,"1287",0.378349485406281,239
639445,7691455,"1288",0.405787937018728,221
639455,7691455,"1289",0.376708526854466,220
639465,7691455,"1290",0.430051821435168,208
639475,7691455,"1291",0.550938189675847,229
639485,7691455,"1292",0.509662072998238,206
639495,7691455,"1293",0.481801073559869,205
639505,7691455,"1294",0.479830220476107,217
639515,7691455,"1295",0.473096165688749,203
639175,7691445,"1296",0.189710764107588,255
639185,7691445,"1297",0.20769905903767,225
639195,7691445,"1298",0.242107913849487,224
639205,7691445,"1299",0.208393103804648,203
639215,7691445,"1300",0.182855570666689,207
639225,7691445,"1301",0.205869151481516,225
639235,7691445,"1302",0.220010402605158,209
639245,7691445,"1303",0.282195330818217,233
639255,7691445,"1304",0.2523506919384,235
639265,7691445,"1305",0.20293971602968,230
639275,7691445,"1306",0.298578709267686,221
639285,7691445,"1307",0.391874256518304,221
639295,7691445,"1308",0.402262999911226,221
639305,7691445,"1309",0.37909335127279,226
639315,7691445,"1310",0.341242366927305,225
639325,7691445,"1311",0.286955888751325,236
639335,7691445,"1312",0.255422052186605,226
639345,7691445,"1313",0.226540874004821,238
639355,7691445,"1314",0.25297162191102,252
639365,7691445,"1315",0.299835047608881,222
639375,7691445,"1316",0.284777437093551,222
639385,7691445,"1317",0.259088804841246,224
639395,7691445,"1318",0.229452482643647,197
639405,7691445,"1319",0.211972393111024,231
639415,7691445,"1320",0.171743089310643,258
639425,7691445,"1321",0.199777883230072,232
639435,7691445,"1322",0.270063840703814,238
639445,7691445,"1323",0.322380749365449,220
639455,7691445,"1324",0.362987873252445,197
639465,7691445,"1325",0.449532628928486,220
639475,7691445,"1326",0.492314659477149,221
639485,7691445,"1327",0.511112289268481,221
639495,7691445,"1328",0.498130463733233,208
639505,7691445,"1329",0.474909956799986,205
639515,7691445,"1330",0.472754349913347,204
639175,7691435,"1331",0.191274053031149,222
639185,7691435,"1332",0.142701388519936,225
639195,7691435,"1333",0.195681733728363,233
639205,7691435,"1334",0.216132097291112,230
639215,7691435,"1335",0.192862677764081,195
639225,7691435,"1336",0.196573835528452,201
639235,7691435,"1337",0.239257928918387,232
639245,7691435,"1338",0.237663385514563,226
639255,7691435,"1339",0.253526153644792,220
639265,7691435,"1340",0.295575295480596,197
639275,7691435,"1341",0.291016264740331,204
639285,7691435,"1342",0.360064144790126,231
639295,7691435,"1343",0.328215216398857,225
639305,7691435,"1344",0.254554180066601,216
639315,7691435,"1345",0.205552368691481,219
639325,7691435,"1346",0.195983050086954,197
639335,7691435,"1347",0.252094767385522,219
639345,7691435,"1348",0.317556260060459,220
639355,7691435,"1349",0.376728842135493,221
639365,7691435,"1350",0.368373552030007,226
639375,7691435,"1351",0.339023695909398,234
639385,7691435,"1352",0.289441974809068,241
639395,7691435,"1353",0.281356756153315,227
639405,7691435,"1354",0.225153101802208,230
639415,7691435,"1355",0.178113078065696,235
639425,7691435,"1356",0.173061372465407,238
639435,7691435,"1357",0.193878551257191,249
639445,7691435,"1358",0.230625013323918,234
639455,7691435,"1359",0.299343286166807,220
639465,7691435,"1360",0.384726761920728,219
639475,7691435,"1361",0.465776861227621,221
639485,7691435,"1362",0.508485402936135,218
639495,7691435,"1363",0.520451315859934,224
639505,7691435,"1364",0.468913769663956,228
639515,7691435,"1365",0.479217747108712,203
639175,7691425,"1366",0.153344412772771,232
639185,7691425,"1367",0.10122366118791,225
639195,7691425,"1368",0.177620041387815,219
639205,7691425,"1369",0.23361133290428,222
639215,7691425,"1370",0.247413019915634,225
639225,7691425,"1371",0.237751134274716,230
639235,7691425,"1372",0.182424637428437,227
639245,7691425,"1373",0.171215330513402,249
639255,7691425,"1374",0.199024268094389,234
639265,7691425,"1375",0.25114849774752,218
639275,7691425,"1376",0.28534792699898,233
639285,7691425,"1377",0.250225985134665,228
639295,7691425,"1378",0.192145238952651,234
639305,7691425,"1379",0.182455296815802,235
639315,7691425,"1380",0.149061060677322,259
639325,7691425,"1381",0.165400891938711,201
639335,7691425,"1382",0.263732115602663,219
639345,7691425,"1383",0.345644389843634,221
639355,7691425,"1384",0.37764174152766,223
639365,7691425,"1385",0.355670758738057,225
639375,7691425,"1386",0.353139656890535,231
639385,7691425,"1387",0.264681255805768,249
639395,7691425,"1388",0.256554527531607,228
639405,7691425,"1389",0.232175444601738,235
639415,7691425,"1390",0.207740758557495,212
639425,7691425,"1391",0.212163314461358,236
639435,7691425,"1392",0.189510778849964,233
639445,7691425,"1393",0.171102587794682,234
639455,7691425,"1394",0.208876318301895,229
639465,7691425,"1395",0.285263600198935,234
639475,7691425,"1396",0.372241297079207,221
639485,7691425,"1397",0.47660072674398,220
639495,7691425,"1398",0.507137961073593,233
639505,7691425,"1399",0.459954269282072,214
639515,7691425,"1400",0.486878151482193,201
639175,7691415,"1401",0.114788297593125,243
639185,7691415,"1402",0.158967857575362,228
639195,7691415,"1403",0.210687448037835,205
639205,7691415,"1404",0.269787405765132,225
639215,7691415,"1405",0.245347846327742,220
639225,7691415,"1406",0.19871498867946,228
639235,7691415,"1407",0.17702894856931,240
639245,7691415,"1408",0.173570083137267,233
639255,7691415,"1409",0.14433190930965,224
639265,7691415,"1410",0.163398077294538,224
639275,7691415,"1411",0.174349921637425,232
639285,7691415,"1412",0.157003184238128,239
639295,7691415,"1413",0.135679637665201,227
639305,7691415,"1414",0.155769160183054,200
639315,7691415,"1415",0.158469666702546,199
639325,7691415,"1416",0.190647517527074,209
639335,7691415,"1417",0.225825774904803,236
639345,7691415,"1418",0.241056685798605,223
639355,7691415,"1419",0.277869301538078,224
639365,7691415,"1420",0.301508986690335,219
639375,7691415,"1421",0.305514081590078,224
639385,7691415,"1422",0.24219809115345,219
639395,7691415,"1423",0.23275616198214,207
639405,7691415,"1424",0.305313102490353,235
639415,7691415,"1425",0.228486766316867,253
639425,7691415,"1426",0.204402183886814,222
639435,7691415,"1427",0.160104453703338,231
639445,7691415,"1428",0.157008689990334,205
639455,7691415,"1429",0.186974047346308,222
639465,7691415,"1430",0.197701471050128,235
639475,7691415,"1431",0.254616789128004,221
639485,7691415,"1432",0.404770061477539,218
639495,7691415,"1433",0.509193135089077,225
639505,7691415,"1434",0.494419383231907,239
639515,7691415,"1435",0.52928194845064,220
639175,7691405,"1436",0.185167199883212,237
639185,7691405,"1437",0.252460060517852,242
639195,7691405,"1438",0.289684838984368,228
639205,7691405,"1439",0.305123101106188,228
639215,7691405,"1440",0.267085076357862,233
639225,7691405,"1441",0.206534078078135,236
639235,7691405,"1442",0.1754104762365,201
639245,7691405,"1443",0.123621228092928,230
639255,7691405,"1444",0.0925670642215024,233
639265,7691405,"1445",0.111019614786072,219
639275,7691405,"1446",0.165131699263037,235
639285,7691405,"1447",0.132365780786557,231
639295,7691405,"1448",0.144275052914299,232
639305,7691405,"1449",0.224165565881182,203
639315,7691405,"1450",0.244981476735034,202
639325,7691405,"1451",0.250817293362688,212
639335,7691405,"1452",0.221794190903057,210
639345,7691405,"1453",0.229835754269362,220
639355,7691405,"1454",0.335648758257241,196
639365,7691405,"1455",0.365922201012704,196
639375,7691405,"1456",0.367397126472241,222
639385,7691405,"1457",0.28944829081081,218
639395,7691405,"1458",0.29250166183152,203
639405,7691405,"1459",0.276526506891679,230
639415,7691405,"1460",0.202481729919207,197
639425,7691405,"1461",0.162742459927807,231
639435,7691405,"1462",0.118808477639942,232
639445,7691405,"1463",0.156388496102977,233
639455,7691405,"1464",0.186544316490585,224
639465,7691405,"1465",0.18676410169734,238
639475,7691405,"1466",0.204112655897632,226
639485,7691405,"1467",0.356340898057716,217
639495,7691405,"1468",0.462892224208555,239
639505,7691405,"1469",0.499510482210248,222
639515,7691405,"1470",0.490027394270562,222
